<?xml version="1.0" encoding="UTF-8"?> 
<scores>
<league>NFL</league><year>1997</year><season>Regular Season</season>
<date day="1997-08-31">
<game>
<team tnum="1"><name>Arizona Cardinals</name><score>21</score><site>V</site><line>7.5</line></team>
<team tnum="2"><name>Cincinnati Bengals</name><score>24</score><site>H</site><line>-7.5</line></team>
</game>
<game>
<team tnum="1"><name>Atlanta Falcons</name><score>17</score><site>V</site><line>7.5</line></team>
<team tnum="2"><name>Detroit Lions</name><score>28</score><site>H</site><line>-7.5</line></team>
</game>
<game>
<team tnum="1"><name>Dallas Cowboys</name><score>37</score><site>V</site><line>-1</line></team>
<team tnum="2"><name>Pittsburgh Steelers</name><score>7</score><site>H</site><line>1</line></team>
</game>
<game>
<team tnum="1"><name>Indianapolis Colts</name><score>10</score><site>V</site><line>6</line></team>
<team tnum="2"><name>Miami Dolphins</name><score>16</score><site>H</site><line>-6</line></team>
</game>
<game>
<team tnum="1"><name>Minnesota Vikings</name><score>34</score><site>V</site><line>2.5</line></team>
<team tnum="2"><name>Buffalo Bills</name><score>13</score><site>H</site><line>-2.5</line></team>
</game>
<game>
<team tnum="1"><name>New Orleans Saints</name><score>24</score><site>V</site><line>4.5</line></team>
<team tnum="2"><name>St Louis Rams</name><score>38</score><site>H</site><line>-4.5</line></team>
</game>
<game>
<team tnum="1"><name>Oakland Raiders</name><score>21</score><site>V</site><line>-3</line></team>
<team tnum="2"><name>Tennessee Oilers</name><score>24</score><site>H</site><line>3</line></team>
</game>
<game>
<team tnum="1"><name>Philadelphia Eagles</name><score>17</score><site>V</site><line>-3</line></team>
<team tnum="2"><name>New York Giants</name><score>31</score><site>H</site><line>3</line></team>
</game>
<game>
<team tnum="1"><name>San Diego Chargers</name><score>7</score><site>V</site><line>6.5</line></team>
<team tnum="2"><name>New England Patriots</name><score>41</score><site>H</site><line>-6.5</line></team>
</game>
<game>
<team tnum="1"><name>Jacksonville Jaguars</name><score>28</score><site>V</site><line>-3</line></team>
<team tnum="2"><name>Baltimore Ravens</name><score>27</score><site>H</site><line>3</line></team>
</game>
<game>
<team tnum="1"><name>New York Jets</name><score>41</score><site>V</site><line>6.5</line></team>
<team tnum="2"><name>Seattle Seahawks</name><score>3</score><site>H</site><line>-6.5</line></team>
</game>
<game>
<team tnum="1"><name>Kansas City Chiefs</name><score>3</score><site>V</site><line>6.5</line></team>
<team tnum="2"><name>Denver Broncos</name><score>19</score><site>H</site><line>-6.5</line></team>
</game>
<game>
<team tnum="1"><name>San Francisco 49ers</name><score>6</score><site>V</site><line>-6.5</line></team>
<team tnum="2"><name>Tampa Bay Buccaneers</name><score>13</score><site>H</site><line>6.5</line></team>
</game>
<game>
<team tnum="1"><name>Washington Redskins</name><score>24</score><site>V</site><line>3.5</line></team>
<team tnum="2"><name>Carolina Panthers</name><score>10</score><site>H</site><line>-3.5</line></team>
</game>
</date>
<date day="1997-09-01">
<game>
<team tnum="1"><name>Chicago Bears</name><score>24</score><site>V</site><line>14</line></team>
<team tnum="2"><name>Green Bay Packers</name><score>38</score><site>H</site><line>-14</line></team>
</game>
</date>
<date day="1997-09-07">
<game>
<team tnum="1"><name>Buffalo Bills</name><score>28</score><site>V</site><line>4.5</line></team>
<team tnum="2"><name>New York Jets</name><score>22</score><site>H</site><line>-4.5</line></team>
</game>
<game>
<team tnum="1"><name>Carolina Panthers</name><score>9</score><site>V</site><line>-3.5</line></team>
<team tnum="2"><name>Atlanta Falcons</name><score>6</score><site>H</site><line>3.5</line></team>
</game>
<game>
<team tnum="1"><name>Cincinnati Bengals</name><score>10</score><site>V</site><line>-1.5</line></team>
<team tnum="2"><name>Baltimore Ravens</name><score>23</score><site>H</site><line>1.5</line></team>
</game>
<game>
<team tnum="1"><name>Minnesota Vikings</name><score>27</score><site>V</site><line>-1</line></team>
<team tnum="2"><name>Chicago Bears</name><score>24</score><site>H</site><line>1</line></team>
</game>
<game>
<team tnum="1"><name>New England Patriots</name><score>31</score><site>V</site><line>-4.5</line></team>
<team tnum="2"><name>Indianapolis Colts</name><score>6</score><site>H</site><line>4.5</line></team>
</game>
<game>
<team tnum="1"><name>San Diego Chargers</name><score>20</score><site>V</site><line>2</line></team>
<team tnum="2"><name>New Orleans Saints</name><score>6</score><site>H</site><line>-2</line></team>
</game>
<game>
<team tnum="1"><name>San Francisco 49ers</name><score>15</score><site>V</site><line>-5</line></team>
<team tnum="2"><name>St Louis Rams</name><score>12</score><site>H</site><line>5</line></team>
</game>
<game>
<team tnum="1"><name>Tampa Bay Buccaneers</name><score>24</score><site>V</site><line>5</line></team>
<team tnum="2"><name>Detroit Lions</name><score>17</score><site>H</site><line>-5</line></team>
</game>
<game>
<team tnum="1"><name>Tennessee Oilers</name><score>13</score><site>V</site><line>6.5</line></team>
<team tnum="2"><name>Miami Dolphins</name><score>16</score><site>H</site><line>-6.5</line></team>
</game>
<game>
<team tnum="1"><name>Washington Redskins</name><score>13</score><site>V</site><line>3.5</line></team>
<team tnum="2"><name>Pittsburgh Steelers</name><score>14</score><site>H</site><line>-3.5</line></team>
</game>
<game>
<team tnum="1"><name>Denver Broncos</name><score>35</score><site>V</site><line>-4.5</line></team>
<team tnum="2"><name>Seattle Seahawks</name><score>14</score><site>H</site><line>4.5</line></team>
</game>
<game>
<team tnum="1"><name>Green Bay Packers</name><score>9</score><site>V</site><line>-7.5</line></team>
<team tnum="2"><name>Philadelphia Eagles</name><score>10</score><site>H</site><line>7.5</line></team>
</game>
<game>
<team tnum="1"><name>New York Giants</name><score>13</score><site>V</site><line>5.5</line></team>
<team tnum="2"><name>Jacksonville Jaguars</name><score>40</score><site>H</site><line>-5.5</line></team>
</game>
<game>
<team tnum="1"><name>Dallas Cowboys</name><score>22</score><site>V</site><line>-9.5</line></team>
<team tnum="2"><name>Arizona Cardinals</name><score>25</score><site>H</site><line>9.5</line></team>
</game>
</date>
<date day="1997-09-08">
<game>
<team tnum="1"><name>Kansas City Chiefs</name><score>28</score><site>V</site><line>4.5</line></team>
<team tnum="2"><name>Oakland Raiders</name><score>27</score><site>H</site><line>-4.5</line></team>
</game>
</date>
<date day="1997-09-14">
<game>
<team tnum="1"><name>Arizona Cardinals</name><score>13</score><site>V</site><line>8</line></team>
<team tnum="2"><name>Washington Redskins</name><score>19</score><site>H</site><line>-8</line></team>
</game>
<game>
<team tnum="1"><name>Baltimore Ravens</name><score>24</score><site>V</site><line>2.5</line></team>
<team tnum="2"><name>New York Giants</name><score>23</score><site>H</site><line>-2.5</line></team>
</game>
<game>
<team tnum="1"><name>Buffalo Bills</name><score>16</score><site>V</site><line>4.5</line></team>
<team tnum="2"><name>Kansas City Chiefs</name><score>22</score><site>H</site><line>-4.5</line></team>
</game>
<game>
<team tnum="1"><name>Detroit Lions</name><score>32</score><site>V</site><line>2.5</line></team>
<team tnum="2"><name>Chicago Bears</name><score>7</score><site>H</site><line>-2.5</line></team>
</game>
<game>
<team tnum="1"><name>Miami Dolphins</name><score>18</score><site>V</site><line>11</line></team>
<team tnum="2"><name>Green Bay Packers</name><score>23</score><site>H</site><line>-11</line></team>
</game>
<game>
<team tnum="1"><name>Oakland Raiders</name><score>36</score><site>V</site><line>-2.5</line></team>
<team tnum="2"><name>Atlanta Falcons</name><score>31</score><site>H</site><line>2.5</line></team>
</game>
<game>
<team tnum="1"><name>Tampa Bay Buccaneers</name><score>28</score><site>V</site><line>4.5</line></team>
<team tnum="2"><name>Minnesota Vikings</name><score>14</score><site>H</site><line>-4.5</line></team>
</game>
<game>
<team tnum="1"><name>Carolina Panthers</name><score>26</score><site>V</site><line>0</line></team>
<team tnum="2"><name>San Diego Chargers</name><score>7</score><site>H</site><line>0</line></team>
</game>
<game>
<team tnum="1"><name>New Orleans Saints</name><score>7</score><site>V</site><line>8</line></team>
<team tnum="2"><name>San Francisco 49ers</name><score>33</score><site>H</site><line>-8</line></team>
</game>
<game>
<team tnum="1"><name>Seattle Seahawks</name><score>31</score><site>V</site><line>2.5</line></team>
<team tnum="2"><name>Indianapolis Colts</name><score>3</score><site>H</site><line>-2.5</line></team>
</game>
<game>
<team tnum="1"><name>St Louis Rams</name><score>14</score><site>V</site><line>13</line></team>
<team tnum="2"><name>Denver Broncos</name><score>35</score><site>H</site><line>-13</line></team>
</game>
<game>
<team tnum="1"><name>New York Jets</name><score>24</score><site>V</site><line>10</line></team>
<team tnum="2"><name>New England Patriots</name><score>27</score><site>H</site><line>-10</line></team>
</game>
</date>
<date day="1997-09-15">
<game>
<team tnum="1"><name>Philadelphia Eagles</name><score>20</score><site>V</site><line>9</line></team>
<team tnum="2"><name>Dallas Cowboys</name><score>21</score><site>H</site><line>-9</line></team>
</game>
</date>
<date day="1997-09-21">
<game>
<team tnum="1"><name>Baltimore Ravens</name><score>36</score><site>V</site><line>4.5</line></team>
<team tnum="2"><name>Tennessee Oilers</name><score>10</score><site>H</site><line>-4.5</line></team>
</game>
<game>
<team tnum="1"><name>Chicago Bears</name><score>3</score><site>V</site><line>13</line></team>
<team tnum="2"><name>New England Patriots</name><score>31</score><site>H</site><line>-13</line></team>
</game>
<game>
<team tnum="1"><name>Detroit Lions</name><score>17</score><site>V</site><line>-5.5</line></team>
<team tnum="2"><name>New Orleans Saints</name><score>35</score><site>H</site><line>5.5</line></team>
</game>
<game>
<team tnum="1"><name>Kansas City Chiefs</name><score>35</score><site>V</site><line>4.5</line></team>
<team tnum="2"><name>Carolina Panthers</name><score>14</score><site>H</site><line>-4.5</line></team>
</game>
<game>
<team tnum="1"><name>Minnesota Vikings</name><score>32</score><site>V</site><line>11</line></team>
<team tnum="2"><name>Green Bay Packers</name><score>38</score><site>H</site><line>-11</line></team>
</game>
<game>
<team tnum="1"><name>Oakland Raiders</name><score>22</score><site>V</site><line>0</line></team>
<team tnum="2"><name>New York Jets</name><score>23</score><site>H</site><line>0</line></team>
</game>
<game>
<team tnum="1"><name>Atlanta Falcons</name><score>7</score><site>V</site><line>15</line></team>
<team tnum="2"><name>San Francisco 49ers</name><score>34</score><site>H</site><line>-15</line></team>
</game>
<game>
<team tnum="1"><name>Cincinnati Bengals</name><score>20</score><site>V</site><line>12</line></team>
<team tnum="2"><name>Denver Broncos</name><score>38</score><site>H</site><line>-12</line></team>
</game>
<game>
<team tnum="1"><name>Indianapolis Colts</name><score>35</score><site>V</site><line>6</line></team>
<team tnum="2"><name>Buffalo Bills</name><score>37</score><site>H</site><line>-6</line></team>
</game>
<game>
<team tnum="1"><name>New York Giants</name><score>3</score><site>V</site><line>3.5</line></team>
<team tnum="2"><name>St Louis Rams</name><score>13</score><site>H</site><line>-3.5</line></team>
</game>
<game>
<team tnum="1"><name>San Diego Chargers</name><score>22</score><site>V</site><line>4.5</line></team>
<team tnum="2"><name>Seattle Seahawks</name><score>26</score><site>H</site><line>-4.5</line></team>
</game>
<game>
<team tnum="1"><name>Miami Dolphins</name><score>21</score><site>V</site><line>3.5</line></team>
<team tnum="2"><name>Tampa Bay Buccaneers</name><score>31</score><site>H</site><line>-3.5</line></team>
</game>
</date>
<date day="1997-09-22">
<game>
<team tnum="1"><name>Pittsburgh Steelers</name><score>21</score><site>V</site><line>3</line></team>
<team tnum="2"><name>Jacksonville Jaguars</name><score>30</score><site>H</site><line>-3</line></team>
</game>
</date>
<date day="1997-09-28">
<game>
<team tnum="1"><name>Arizona Cardinals</name><score>18</score><site>V</site><line>7.5</line></team>
<team tnum="2"><name>Tampa Bay Buccaneers</name><score>19</score><site>H</site><line>-7.5</line></team>
</game>
<game>
<team tnum="1"><name>Denver Broncos</name><score>29</score><site>V</site><line>-11</line></team>
<team tnum="2"><name>Atlanta Falcons</name><score>21</score><site>H</site><line>11</line></team>
</game>
<game>
<team tnum="1"><name>Green Bay Packers</name><score>15</score><site>V</site><line>-7.5</line></team>
<team tnum="2"><name>Detroit Lions</name><score>26</score><site>H</site><line>7.5</line></team>
</game>
<game>
<team tnum="1"><name>Jacksonville Jaguars</name><score>12</score><site>V</site><line>1</line></team>
<team tnum="2"><name>Washington Redskins</name><score>24</score><site>H</site><line>-1</line></team>
</game>
<game>
<team tnum="1"><name>New Orleans Saints</name><score>9</score><site>V</site><line>5</line></team>
<team tnum="2"><name>New York Giants</name><score>14</score><site>H</site><line>-5</line></team>
</game>
<game>
<team tnum="1"><name>Tennessee Oilers</name><score>24</score><site>V</site><line>6</line></team>
<team tnum="2"><name>Pittsburgh Steelers</name><score>37</score><site>H</site><line>-6</line></team>
</game>
<game>
<team tnum="1"><name>Baltimore Ravens</name><score>17</score><site>V</site><line>1.5</line></team>
<team tnum="2"><name>San Diego Chargers</name><score>21</score><site>H</site><line>-1.5</line></team>
</game>
<game>
<team tnum="1"><name>Chicago Bears</name><score>3</score><site>V</site><line>14</line></team>
<team tnum="2"><name>Dallas Cowboys</name><score>27</score><site>H</site><line>-14</line></team>
</game>
<game>
<team tnum="1"><name>New York Jets</name><score>31</score><site>V</site><line>4</line></team>
<team tnum="2"><name>Cincinnati Bengals</name><score>14</score><site>H</site><line>-4</line></team>
</game>
<game>
<team tnum="1"><name>Seattle Seahawks</name><score>17</score><site>V</site><line>4.5</line></team>
<team tnum="2"><name>Kansas City Chiefs</name><score>20</score><site>H</site><line>-4.5</line></team>
</game>
<game>
<team tnum="1"><name>St Louis Rams</name><score>17</score><site>V</site><line>7</line></team>
<team tnum="2"><name>Oakland Raiders</name><score>35</score><site>H</site><line>-7</line></team>
</game>
<game>
<team tnum="1"><name>Philadelphia Eagles</name><score>19</score><site>V</site><line>2.5</line></team>
<team tnum="2"><name>Minnesota Vikings</name><score>28</score><site>H</site><line>-2.5</line></team>
</game>
</date>
<date day="1997-09-29">
<game>
<team tnum="1"><name>San Francisco 49ers</name><score>34</score><site>V</site><line>-3.5</line></team>
<team tnum="2"><name>Carolina Panthers</name><score>21</score><site>H</site><line>3.5</line></team>
</game>
</date>
<date day="1997-10-05">
<game>
<team tnum="1"><name>Cincinnati Bengals</name><score>13</score><site>V</site><line>7</line></team>
<team tnum="2"><name>Jacksonville Jaguars</name><score>21</score><site>H</site><line>-7</line></team>
</game>
<game>
<team tnum="1"><name>Dallas Cowboys</name><score>17</score><site>V</site><line>-7.5</line></team>
<team tnum="2"><name>New York Giants</name><score>20</score><site>H</site><line>7.5</line></team>
</game>
<game>
<team tnum="1"><name>Detroit Lions</name><score>13</score><site>V</site><line>3.5</line></team>
<team tnum="2"><name>Buffalo Bills</name><score>22</score><site>H</site><line>-3.5</line></team>
</game>
<game>
<team tnum="1"><name>Kansas City Chiefs</name><score>14</score><site>V</site><line>3</line></team>
<team tnum="2"><name>Miami Dolphins</name><score>17</score><site>H</site><line>-3</line></team>
</game>
<game>
<team tnum="1"><name>Pittsburgh Steelers</name><score>42</score><site>V</site><line>-2</line></team>
<team tnum="2"><name>Baltimore Ravens</name><score>34</score><site>H</site><line>2</line></team>
</game>
<game>
<team tnum="1"><name>Tampa Bay Buccaneers</name><score>16</score><site>V</site><line>7</line></team>
<team tnum="2"><name>Green Bay Packers</name><score>21</score><site>H</site><line>-7</line></team>
</game>
<game>
<team tnum="1"><name>Washington Redskins</name><score>10</score><site>V</site><line>3.5</line></team>
<team tnum="2"><name>Philadelphia Eagles</name><score>24</score><site>H</site><line>-3.5</line></team>
</game>
<game>
<team tnum="1"><name>New York Jets</name><score>16</score><site>V</site><line>-3</line></team>
<team tnum="2"><name>Indianapolis Colts</name><score>12</score><site>H</site><line>3</line></team>
</game>
<game>
<team tnum="1"><name>Minnesota Vikings</name><score>20</score><site>V</site><line>-1</line></team>
<team tnum="2"><name>Arizona Cardinals</name><score>19</score><site>H</site><line>1</line></team>
</game>
<game>
<team tnum="1"><name>San Diego Chargers</name><score>25</score><site>V</site><line>7</line></team>
<team tnum="2"><name>Oakland Raiders</name><score>10</score><site>H</site><line>-7</line></team>
</game>
<game>
<team tnum="1"><name>Tennessee Oilers</name><score>13</score><site>V</site><line>5.5</line></team>
<team tnum="2"><name>Seattle Seahawks</name><score>16</score><site>H</site><line>-5.5</line></team>
</game>
<game>
<team tnum="1"><name>New Orleans Saints</name><score>20</score><site>V</site><line>3</line></team>
<team tnum="2"><name>Chicago Bears</name><score>17</score><site>H</site><line>-3</line></team>
</game>
</date>
<date day="1997-10-06">
<game>
<team tnum="1"><name>New England Patriots</name><score>13</score><site>V</site><line>4</line></team>
<team tnum="2"><name>Denver Broncos</name><score>34</score><site>H</site><line>-4</line></team>
</game>
</date>
<date day="1997-10-12">
<game>
<team tnum="1"><name>Atlanta Falcons</name><score>23</score><site>V</site><line>2</line></team>
<team tnum="2"><name>New Orleans Saints</name><score>17</score><site>H</site><line>-2</line></team>
</game>
<game>
<team tnum="1"><name>Buffalo Bills</name><score>6</score><site>V</site><line>9</line></team>
<team tnum="2"><name>New England Patriots</name><score>33</score><site>H</site><line>-9</line></team>
</game>
<game>
<team tnum="1"><name>Cincinnati Bengals</name><score>7</score><site>V</site><line>2.5</line></team>
<team tnum="2"><name>Tennessee Oilers</name><score>30</score><site>H</site><line>-2.5</line></team>
</game>
<game>
<team tnum="1"><name>Detroit Lions</name><score>27</score><site>V</site><line>5.5</line></team>
<team tnum="2"><name>Tampa Bay Buccaneers</name><score>9</score><site>H</site><line>-5.5</line></team>
</game>
<game>
<team tnum="1"><name>Green Bay Packers</name><score>24</score><site>V</site><line>-11.5</line></team>
<team tnum="2"><name>Chicago Bears</name><score>23</score><site>H</site><line>11.5</line></team>
</game>
<game>
<team tnum="1"><name>Miami Dolphins</name><score>31</score><site>V</site><line>3.5</line></team>
<team tnum="2"><name>New York Jets</name><score>20</score><site>H</site><line>-3.5</line></team>
</game>
<game>
<team tnum="1"><name>Philadelphia Eagles</name><score>21</score><site>V</site><line>3</line></team>
<team tnum="2"><name>Jacksonville Jaguars</name><score>38</score><site>H</site><line>-3</line></team>
</game>
<game>
<team tnum="1"><name>Carolina Panthers</name><score>14</score><site>V</site><line>4</line></team>
<team tnum="2"><name>Minnesota Vikings</name><score>21</score><site>H</site><line>-4</line></team>
</game>
<game>
<team tnum="1"><name>New York Giants</name><score>27</score><site>V</site><line>3.5</line></team>
<team tnum="2"><name>Arizona Cardinals</name><score>13</score><site>H</site><line>-3.5</line></team>
</game>
<game>
<team tnum="1"><name>St Louis Rams</name><score>10</score><site>V</site><line>14</line></team>
<team tnum="2"><name>San Francisco 49ers</name><score>30</score><site>H</site><line>-14</line></team>
</game>
<game>
<team tnum="1"><name>Indianapolis Colts</name><score>22</score><site>V</site><line>10.5</line></team>
<team tnum="2"><name>Pittsburgh Steelers</name><score>24</score><site>H</site><line>-10.5</line></team>
</game>
</date>
<date day="1997-10-13">
<game>
<team tnum="1"><name>Dallas Cowboys</name><score>16</score><site>V</site><line>-3</line></team>
<team tnum="2"><name>Washington Redskins</name><score>21</score><site>H</site><line>3</line></team>
</game>
</date>
<date day="1997-10-16">
<game>
<team tnum="1"><name>San Diego Chargers</name><score>3</score><site>V</site><line>5.5</line></team>
<team tnum="2"><name>Kansas City Chiefs</name><score>31</score><site>H</site><line>-5.5</line></team>
</game>
</date>
<date day="1997-10-19">
<game>
<team tnum="1"><name>Arizona Cardinals</name><score>10</score><site>V</site><line>8.5</line></team>
<team tnum="2"><name>Philadelphia Eagles</name><score>13</score><site>H</site><line>-8.5</line></team>
</game>
<game>
<team tnum="1"><name>Carolina Panthers</name><score>13</score><site>V</site><line>-4.5</line></team>
<team tnum="2"><name>New Orleans Saints</name><score>0</score><site>H</site><line>4.5</line></team>
</game>
<game>
<team tnum="1"><name>Jacksonville Jaguars</name><score>22</score><site>V</site><line>4.5</line></team>
<team tnum="2"><name>Dallas Cowboys</name><score>26</score><site>H</site><line>-4.5</line></team>
</game>
<game>
<team tnum="1"><name>New England Patriots</name><score>19</score><site>V</site><line>-3</line></team>
<team tnum="2"><name>New York Jets</name><score>24</score><site>H</site><line>3</line></team>
</game>
<game>
<team tnum="1"><name>Seattle Seahawks</name><score>17</score><site>V</site><line>-1.5</line></team>
<team tnum="2"><name>St Louis Rams</name><score>9</score><site>H</site><line>1.5</line></team>
</game>
<game>
<team tnum="1"><name>San Francisco 49ers</name><score>35</score><site>V</site><line>-10.5</line></team>
<team tnum="2"><name>Atlanta Falcons</name><score>28</score><site>H</site><line>10.5</line></team>
</game>
<game>
<team tnum="1"><name>Washington Redskins</name><score>14</score><site>V</site><line>-2</line></team>
<team tnum="2"><name>Tennessee Oilers</name><score>28</score><site>H</site><line>2</line></team>
</game>
<game>
<team tnum="1"><name>Denver Broncos</name><score>25</score><site>V</site><line>-5.5</line></team>
<team tnum="2"><name>Oakland Raiders</name><score>28</score><site>H</site><line>5.5</line></team>
</game>
<game>
<team tnum="1"><name>Miami Dolphins</name><score>24</score><site>V</site><line>-1</line></team>
<team tnum="2"><name>Baltimore Ravens</name><score>13</score><site>H</site><line>1</line></team>
</game>
<game>
<team tnum="1"><name>New York Giants</name><score>26</score><site>V</site><line>6.5</line></team>
<team tnum="2"><name>Detroit Lions</name><score>20</score><site>H</site><line>-6.5</line></team>
</game>
<game>
<team tnum="1"><name>Pittsburgh Steelers</name><score>26</score><site>V</site><line>-5</line></team>
<team tnum="2"><name>Cincinnati Bengals</name><score>10</score><site>H</site><line>5</line></team>
</game>
</date>
<date day="1997-10-20">
<game>
<team tnum="1"><name>Buffalo Bills</name><score>9</score><site>V</site><line>-2.5</line></team>
<team tnum="2"><name>Indianapolis Colts</name><score>6</score><site>H</site><line>2.5</line></team>
</game>
</date>
<date day="1997-10-26">
<game>
<team tnum="1"><name>Baltimore Ravens</name><score>20</score><site>V</site><line>6.5</line></team>
<team tnum="2"><name>Washington Redskins</name><score>17</score><site>H</site><line>-6.5</line></team>
</game>
<game>
<team tnum="1"><name>Cincinnati Bengals</name><score>27</score><site>V</site><line>6</line></team>
<team tnum="2"><name>New York Giants</name><score>29</score><site>H</site><line>-6</line></team>
</game>
<game>
<team tnum="1"><name>Dallas Cowboys</name><score>12</score><site>V</site><line>-1</line></team>
<team tnum="2"><name>Philadelphia Eagles</name><score>13</score><site>H</site><line>1</line></team>
</game>
<game>
<team tnum="1"><name>Denver Broncos</name><score>23</score><site>V</site><line>-7</line></team>
<team tnum="2"><name>Buffalo Bills</name><score>20</score><site>H</site><line>7</line></team>
</game>
<game>
<team tnum="1"><name>Kansas City Chiefs</name><score>28</score><site>V</site><line>-5.5</line></team>
<team tnum="2"><name>St Louis Rams</name><score>20</score><site>H</site><line>5.5</line></team>
</game>
<game>
<team tnum="1"><name>Minnesota Vikings</name><score>10</score><site>V</site><line>2.5</line></team>
<team tnum="2"><name>Tampa Bay Buccaneers</name><score>6</score><site>H</site><line>-2.5</line></team>
</game>
<game>
<team tnum="1"><name>San Francisco 49ers</name><score>23</score><site>V</site><line>-13.5</line></team>
<team tnum="2"><name>New Orleans Saints</name><score>0</score><site>H</site><line>13.5</line></team>
</game>
<game>
<team tnum="1"><name>Indianapolis Colts</name><score>19</score><site>V</site><line>5.5</line></team>
<team tnum="2"><name>San Diego Chargers</name><score>35</score><site>H</site><line>-5.5</line></team>
</game>
<game>
<team tnum="1"><name>Jacksonville Jaguars</name><score>17</score><site>V</site><line>3</line></team>
<team tnum="2"><name>Pittsburgh Steelers</name><score>23</score><site>H</site><line>-3</line></team>
</game>
<game>
<team tnum="1"><name>Oakland Raiders</name><score>34</score><site>V</site><line>1.5</line></team>
<team tnum="2"><name>Seattle Seahawks</name><score>45</score><site>H</site><line>-1.5</line></team>
</game>
<game>
<team tnum="1"><name>Tennessee Oilers</name><score>41</score><site>V</site><line>2</line></team>
<team tnum="2"><name>Arizona Cardinals</name><score>14</score><site>H</site><line>-2</line></team>
</game>
<game>
<team tnum="1"><name>Atlanta Falcons</name><score>12</score><site>V</site><line>8.5</line></team>
<team tnum="2"><name>Carolina Panthers</name><score>21</score><site>H</site><line>-8.5</line></team>
</game>
</date>
<date day="1997-10-27">
<game>
<team tnum="1"><name>Chicago Bears</name><score>36</score><site>V</site><line>9.5</line></team>
<team tnum="2"><name>Miami Dolphins</name><score>33</score><site>H</site><line>-9.5</line></team>
</game>
<game>
<team tnum="1"><name>Green Bay Packers</name><score>28</score><site>V</site><line>1</line></team>
<team tnum="2"><name>New England Patriots</name><score>10</score><site>H</site><line>-1</line></team>
</game>
</date>
<date day="1997-11-02">
<game>
<team tnum="1"><name>Baltimore Ravens</name><score>16</score><site>V</site><line>5.5</line></team>
<team tnum="2"><name>New York Jets</name><score>19</score><site>H</site><line>-5.5</line></team>
</game>
<game>
<team tnum="1"><name>Miami Dolphins</name><score>6</score><site>V</site><line>2</line></team>
<team tnum="2"><name>Buffalo Bills</name><score>9</score><site>H</site><line>-2</line></team>
</game>
<game>
<team tnum="1"><name>New England Patriots</name><score>18</score><site>V</site><line>1</line></team>
<team tnum="2"><name>Minnesota Vikings</name><score>23</score><site>H</site><line>-1</line></team>
</game>
<game>
<team tnum="1"><name>Oakland Raiders</name><score>14</score><site>V</site><line>2.5</line></team>
<team tnum="2"><name>Carolina Panthers</name><score>38</score><site>H</site><line>-2.5</line></team>
</game>
<game>
<team tnum="1"><name>San Diego Chargers</name><score>31</score><site>V</site><line>-1.5</line></team>
<team tnum="2"><name>Cincinnati Bengals</name><score>38</score><site>H</site><line>1.5</line></team>
</game>
<game>
<team tnum="1"><name>St Louis Rams</name><score>31</score><site>V</site><line>3</line></team>
<team tnum="2"><name>Atlanta Falcons</name><score>34</score><site>H</site><line>-3</line></team>
</game>
<game>
<team tnum="1"><name>Tampa Bay Buccaneers</name><score>31</score><site>V</site><line>-4.5</line></team>
<team tnum="2"><name>Indianapolis Colts</name><score>28</score><site>H</site><line>4.5</line></team>
</game>
<game>
<team tnum="1"><name>Washington Redskins</name><score>31</score><site>V</site><line>-3</line></team>
<team tnum="2"><name>Chicago Bears</name><score>8</score><site>H</site><line>3</line></team>
</game>
<game>
<team tnum="1"><name>Dallas Cowboys</name><score>10</score><site>V</site><line>7</line></team>
<team tnum="2"><name>San Francisco 49ers</name><score>17</score><site>H</site><line>-7</line></team>
</game>
<game>
<team tnum="1"><name>Jacksonville Jaguars</name><score>30</score><site>V</site><line>-1</line></team>
<team tnum="2"><name>Tennessee Oilers</name><score>24</score><site>H</site><line>1</line></team>
</game>
<game>
<team tnum="1"><name>Philadelphia Eagles</name><score>21</score><site>V</site><line>-4.5</line></team>
<team tnum="2"><name>Arizona Cardinals</name><score>31</score><site>H</site><line>4.5</line></team>
</game>
<game>
<team tnum="1"><name>Seattle Seahawks</name><score>27</score><site>V</site><line>9.5</line></team>
<team tnum="2"><name>Denver Broncos</name><score>30</score><site>H</site><line>-9.5</line></team>
</game>
<game>
<team tnum="1"><name>Detroit Lions</name><score>10</score><site>V</site><line>10</line></team>
<team tnum="2"><name>Green Bay Packers</name><score>20</score><site>H</site><line>-10</line></team>
</game>
</date>
<date day="1997-11-03">
<game>
<team tnum="1"><name>Pittsburgh Steelers</name><score>10</score><site>V</site><line>3</line></team>
<team tnum="2"><name>Kansas City Chiefs</name><score>13</score><site>H</site><line>-3</line></team>
</game>
</date>
<date day="1997-11-09">
<game>
<team tnum="1"><name>Arizona Cardinals</name><score>6</score><site>V</site><line>8.5</line></team>
<team tnum="2"><name>Dallas Cowboys</name><score>24</score><site>H</site><line>-8.5</line></team>
</game>
<game>
<team tnum="1"><name>Chicago Bears</name><score>22</score><site>V</site><line>9</line></team>
<team tnum="2"><name>Minnesota Vikings</name><score>29</score><site>H</site><line>-9</line></team>
</game>
<game>
<team tnum="1"><name>Cincinnati Bengals</name><score>28</score><site>V</site><line>-2.5</line></team>
<team tnum="2"><name>Indianapolis Colts</name><score>13</score><site>H</site><line>2.5</line></team>
</game>
<game>
<team tnum="1"><name>Detroit Lions</name><score>7</score><site>V</site><line>4</line></team>
<team tnum="2"><name>Washington Redskins</name><score>30</score><site>H</site><line>-4</line></team>
</game>
<game>
<team tnum="1"><name>New York Jets</name><score>17</score><site>V</site><line>2.5</line></team>
<team tnum="2"><name>Miami Dolphins</name><score>24</score><site>H</site><line>-2.5</line></team>
</game>
<game>
<team tnum="1"><name>Kansas City Chiefs</name><score>10</score><site>V</site><line>5</line></team>
<team tnum="2"><name>Jacksonville Jaguars</name><score>24</score><site>H</site><line>-5</line></team>
</game>
<game>
<team tnum="1"><name>St Louis Rams</name><score>7</score><site>V</site><line>15</line></team>
<team tnum="2"><name>Green Bay Packers</name><score>17</score><site>H</site><line>-15</line></team>
</game>
<game>
<team tnum="1"><name>Tampa Bay Buccaneers</name><score>31</score><site>V</site><line>-3</line></team>
<team tnum="2"><name>Atlanta Falcons</name><score>10</score><site>H</site><line>3</line></team>
</game>
<game>
<team tnum="1"><name>Carolina Panthers</name><score>0</score><site>V</site><line>8</line></team>
<team tnum="2"><name>Denver Broncos</name><score>34</score><site>H</site><line>-8</line></team>
</game>
<game>
<team tnum="1"><name>New England Patriots</name><score>31</score><site>V</site><line>-3</line></team>
<team tnum="2"><name>Buffalo Bills</name><score>10</score><site>H</site><line>3</line></team>
</game>
<game>
<team tnum="1"><name>New Orleans Saints</name><score>13</score><site>V</site><line>9.5</line></team>
<team tnum="2"><name>Oakland Raiders</name><score>10</score><site>H</site><line>-9.5</line></team>
</game>
<game>
<team tnum="1"><name>New York Giants</name><score>6</score><site>V</site><line>2.5</line></team>
<team tnum="2"><name>Tennessee Oilers</name><score>10</score><site>H</site><line>-2.5</line></team>
</game>
<game>
<team tnum="1"><name>Seattle Seahawks</name><score>37</score><site>V</site><line>-3</line></team>
<team tnum="2"><name>San Diego Chargers</name><score>31</score><site>H</site><line>3</line></team>
</game>
<game>
<team tnum="1"><name>Baltimore Ravens</name><score>0</score><site>V</site><line>6.5</line></team>
<team tnum="2"><name>Pittsburgh Steelers</name><score>37</score><site>H</site><line>-6.5</line></team>
</game>
</date>
<date day="1997-11-10">
<game>
<team tnum="1"><name>San Francisco 49ers</name><score>24</score><site>V</site><line>-3.5</line></team>
<team tnum="2"><name>Philadelphia Eagles</name><score>12</score><site>H</site><line>3.5</line></team>
</game>
</date>
<date day="1997-11-16">
<game>
<team tnum="1"><name>Arizona Cardinals</name><score>10</score><site>V</site><line>5.5</line></team>
<team tnum="2"><name>New York Giants</name><score>19</score><site>H</site><line>-5.5</line></team>
</game>
<game>
<team tnum="1"><name>Atlanta Falcons</name><score>27</score><site>V</site><line>3.5</line></team>
<team tnum="2"><name>St Louis Rams</name><score>21</score><site>H</site><line>-3.5</line></team>
</game>
<game>
<team tnum="1"><name>Cincinnati Bengals</name><score>3</score><site>V</site><line>9.5</line></team>
<team tnum="2"><name>Pittsburgh Steelers</name><score>20</score><site>H</site><line>-9.5</line></team>
</game>
<game>
<team tnum="1"><name>Denver Broncos</name><score>22</score><site>V</site><line>-3</line></team>
<team tnum="2"><name>Kansas City Chiefs</name><score>24</score><site>H</site><line>3</line></team>
</game>
<game>
<team tnum="1"><name>Green Bay Packers</name><score>38</score><site>V</site><line>-13</line></team>
<team tnum="2"><name>Indianapolis Colts</name><score>41</score><site>H</site><line>13</line></team>
</game>
<game>
<team tnum="1"><name>Minnesota Vikings</name><score>15</score><site>V</site><line>-1</line></team>
<team tnum="2"><name>Detroit Lions</name><score>38</score><site>H</site><line>1</line></team>
</game>
<game>
<team tnum="1"><name>New England Patriots</name><score>7</score><site>V</site><line>-2</line></team>
<team tnum="2"><name>Tampa Bay Buccaneers</name><score>27</score><site>H</site><line>2</line></team>
</game>
<game>
<team tnum="1"><name>Philadelphia Eagles</name><score>10</score><site>V</site><line>2.5</line></team>
<team tnum="2"><name>Baltimore Ravens</name><score>10</score><site>H</site><line>-2.5</line></team>
</game>
<game>
<team tnum="1"><name>Seattle Seahawks</name><score>17</score><site>V</site><line>-6</line></team>
<team tnum="2"><name>New Orleans Saints</name><score>20</score><site>H</site><line>6</line></team>
</game>
<game>
<team tnum="1"><name>Tennessee Oilers</name><score>9</score><site>V</site><line>6</line></team>
<team tnum="2"><name>Jacksonville Jaguars</name><score>17</score><site>H</site><line>-6</line></team>
</game>
<game>
<team tnum="1"><name>Washington Redskins</name><score>14</score><site>V</site><line>5.5</line></team>
<team tnum="2"><name>Dallas Cowboys</name><score>17</score><site>H</site><line>-5.5</line></team>
</game>
<game>
<team tnum="1"><name>Carolina Panthers</name><score>19</score><site>V</site><line>10</line></team>
<team tnum="2"><name>San Francisco 49ers</name><score>27</score><site>H</site><line>-10</line></team>
</game>
<game>
<team tnum="1"><name>New York Jets</name><score>23</score><site>V</site><line>-3</line></team>
<team tnum="2"><name>Chicago Bears</name><score>15</score><site>H</site><line>3</line></team>
</game>
<game>
<team tnum="1"><name>Oakland Raiders</name><score>38</score><site>V</site><line>0</line></team>
<team tnum="2"><name>San Diego Chargers</name><score>13</score><site>H</site><line>0</line></team>
</game>
</date>
<date day="1997-11-17">
<game>
<team tnum="1"><name>Buffalo Bills</name><score>13</score><site>V</site><line>6</line></team>
<team tnum="2"><name>Miami Dolphins</name><score>30</score><site>H</site><line>-6</line></team>
</game>
</date>
<date day="1997-11-23">
<game>
<team tnum="1"><name>Arizona Cardinals</name><score>16</score><site>V</site><line>4</line></team>
<team tnum="2"><name>Baltimore Ravens</name><score>13</score><site>H</site><line>-4</line></team>
</game>
<game>
<team tnum="1"><name>Buffalo Bills</name><score>14</score><site>V</site><line>3.5</line></team>
<team tnum="2"><name>Tennessee Oilers</name><score>31</score><site>H</site><line>-3.5</line></team>
</game>
<game>
<team tnum="1"><name>Dallas Cowboys</name><score>17</score><site>V</site><line>7</line></team>
<team tnum="2"><name>Green Bay Packers</name><score>45</score><site>H</site><line>-7</line></team>
</game>
<game>
<team tnum="1"><name>Indianapolis Colts</name><score>10</score><site>V</site><line>8.5</line></team>
<team tnum="2"><name>Detroit Lions</name><score>32</score><site>H</site><line>-8.5</line></team>
</game>
<game>
<team tnum="1"><name>Miami Dolphins</name><score>24</score><site>V</site><line>4</line></team>
<team tnum="2"><name>New England Patriots</name><score>27</score><site>H</site><line>-4</line></team>
</game>
<game>
<team tnum="1"><name>Minnesota Vikings</name><score>21</score><site>V</site><line>3</line></team>
<team tnum="2"><name>New York Jets</name><score>23</score><site>H</site><line>-3</line></team>
</game>
<game>
<team tnum="1"><name>New Orleans Saints</name><score>3</score><site>V</site><line>4.5</line></team>
<team tnum="2"><name>Atlanta Falcons</name><score>20</score><site>H</site><line>-4.5</line></team>
</game>
<game>
<team tnum="1"><name>Pittsburgh Steelers</name><score>20</score><site>V</site><line>-3</line></team>
<team tnum="2"><name>Philadelphia Eagles</name><score>23</score><site>H</site><line>3</line></team>
</game>
<game>
<team tnum="1"><name>Tampa Bay Buccaneers</name><score>7</score><site>V</site><line>-5.5</line></team>
<team tnum="2"><name>Chicago Bears</name><score>13</score><site>H</site><line>5.5</line></team>
</game>
<game>
<team tnum="1"><name>Carolina Panthers</name><score>16</score><site>V</site><line>-3</line></team>
<team tnum="2"><name>St Louis Rams</name><score>10</score><site>H</site><line>3</line></team>
</game>
<game>
<team tnum="1"><name>Jacksonville Jaguars</name><score>26</score><site>V</site><line>-6</line></team>
<team tnum="2"><name>Cincinnati Bengals</name><score>31</score><site>H</site><line>6</line></team>
</game>
<game>
<team tnum="1"><name>Kansas City Chiefs</name><score>19</score><site>V</site><line>3</line></team>
<team tnum="2"><name>Seattle Seahawks</name><score>14</score><site>H</site><line>-3</line></team>
</game>
<game>
<team tnum="1"><name>San Diego Chargers</name><score>10</score><site>V</site><line>14</line></team>
<team tnum="2"><name>San Francisco 49ers</name><score>17</score><site>H</site><line>-14</line></team>
</game>
<game>
<team tnum="1"><name>New York Giants</name><score>7</score><site>V</site><line>5.5</line></team>
<team tnum="2"><name>Washington Redskins</name><score>7</score><site>H</site><line>-5.5</line></team>
</game>
</date>
<date day="1997-11-24">
<game>
<team tnum="1"><name>Oakland Raiders</name><score>3</score><site>V</site><line>8.5</line></team>
<team tnum="2"><name>Denver Broncos</name><score>31</score><site>H</site><line>-8.5</line></team>
</game>
</date>
<date day="1997-11-27">
<game>
<team tnum="1"><name>Chicago Bears</name><score>20</score><site>V</site><line>8</line></team>
<team tnum="2"><name>Detroit Lions</name><score>55</score><site>H</site><line>-8</line></team>
</game>
<game>
<team tnum="1"><name>Tennessee Oilers</name><score>27</score><site>V</site><line>6.5</line></team>
<team tnum="2"><name>Dallas Cowboys</name><score>14</score><site>H</site><line>-6.5</line></team>
</game>
</date>
<date day="1997-11-30">
<game>
<team tnum="1"><name>Baltimore Ravens</name><score>27</score><site>V</site><line>8</line></team>
<team tnum="2"><name>Jacksonville Jaguars</name><score>29</score><site>H</site><line>-8</line></team>
</game>
<game>
<team tnum="1"><name>Cincinnati Bengals</name><score>42</score><site>V</site><line>5</line></team>
<team tnum="2"><name>Philadelphia Eagles</name><score>44</score><site>H</site><line>-5</line></team>
</game>
<game>
<team tnum="1"><name>Indianapolis Colts</name><score>17</score><site>V</site><line>11.5</line></team>
<team tnum="2"><name>New England Patriots</name><score>20</score><site>H</site><line>-11.5</line></team>
</game>
<game>
<team tnum="1"><name>New York Jets</name><score>10</score><site>V</site><line>-2.5</line></team>
<team tnum="2"><name>Buffalo Bills</name><score>20</score><site>H</site><line>2.5</line></team>
</game>
<game>
<team tnum="1"><name>New Orleans Saints</name><score>16</score><site>V</site><line>9</line></team>
<team tnum="2"><name>Carolina Panthers</name><score>13</score><site>H</site><line>-9</line></team>
</game>
<game>
<team tnum="1"><name>San Francisco 49ers</name><score>9</score><site>V</site><line>-4.5</line></team>
<team tnum="2"><name>Kansas City Chiefs</name><score>44</score><site>H</site><line>4.5</line></team>
</game>
<game>
<team tnum="1"><name>St Louis Rams</name><score>23</score><site>V</site><line>8.5</line></team>
<team tnum="2"><name>Washington Redskins</name><score>20</score><site>H</site><line>-8.5</line></team>
</game>
<game>
<team tnum="1"><name>Atlanta Falcons</name><score>24</score><site>V</site><line>7</line></team>
<team tnum="2"><name>Seattle Seahawks</name><score>17</score><site>H</site><line>-7</line></team>
</game>
<game>
<team tnum="1"><name>Miami Dolphins</name><score>34</score><site>V</site><line>-2.5</line></team>
<team tnum="2"><name>Oakland Raiders</name><score>16</score><site>H</site><line>2.5</line></team>
</game>
<game>
<team tnum="1"><name>Pittsburgh Steelers</name><score>26</score><site>V</site><line>-5.5</line></team>
<team tnum="2"><name>Arizona Cardinals</name><score>20</score><site>H</site><line>5.5</line></team>
</game>
<game>
<team tnum="1"><name>Tampa Bay Buccaneers</name><score>20</score><site>V</site><line>1</line></team>
<team tnum="2"><name>New York Giants</name><score>8</score><site>H</site><line>-1</line></team>
</game>
<game>
<team tnum="1"><name>Denver Broncos</name><score>38</score><site>V</site><line>-8.5</line></team>
<team tnum="2"><name>San Diego Chargers</name><score>28</score><site>H</site><line>8.5</line></team>
</game>
</date>
<date day="1997-12-01">
<game>
<team tnum="1"><name>Green Bay Packers</name><score>27</score><site>V</site><line>-3</line></team>
<team tnum="2"><name>Minnesota Vikings</name><score>11</score><site>H</site><line>3</line></team>
</game>
</date>
<date day="1997-12-04">
<game>
<team tnum="1"><name>Tennessee Oilers</name><score>14</score><site>V</site><line>-3</line></team>
<team tnum="2"><name>Cincinnati Bengals</name><score>41</score><site>H</site><line>3</line></team>
</game>
</date>
<date day="1997-12-07">
<game>
<team tnum="1"><name>Buffalo Bills</name><score>3</score><site>V</site><line>-1.5</line></team>
<team tnum="2"><name>Chicago Bears</name><score>20</score><site>H</site><line>1.5</line></team>
</game>
<game>
<team tnum="1"><name>Denver Broncos</name><score>24</score><site>V</site><line>1</line></team>
<team tnum="2"><name>Pittsburgh Steelers</name><score>35</score><site>H</site><line>-1</line></team>
</game>
<game>
<team tnum="1"><name>Green Bay Packers</name><score>17</score><site>V</site><line>-4</line></team>
<team tnum="2"><name>Tampa Bay Buccaneers</name><score>6</score><site>H</site><line>4</line></team>
</game>
<game>
<team tnum="1"><name>New England Patriots</name><score>26</score><site>V</site><line>3.5</line></team>
<team tnum="2"><name>Jacksonville Jaguars</name><score>20</score><site>H</site><line>-3.5</line></team>
</game>
<game>
<team tnum="1"><name>New York Giants</name><score>31</score><site>V</site><line>4</line></team>
<team tnum="2"><name>Philadelphia Eagles</name><score>21</score><site>H</site><line>-4</line></team>
</game>
<game>
<team tnum="1"><name>Oakland Raiders</name><score>0</score><site>V</site><line>9</line></team>
<team tnum="2"><name>Kansas City Chiefs</name><score>30</score><site>H</site><line>-9</line></team>
</game>
<game>
<team tnum="1"><name>Seattle Seahawks</name><score>24</score><site>V</site><line>1</line></team>
<team tnum="2"><name>Baltimore Ravens</name><score>31</score><site>H</site><line>-1</line></team>
</game>
<game>
<team tnum="1"><name>St Louis Rams</name><score>34</score><site>V</site><line>1.5</line></team>
<team tnum="2"><name>New Orleans Saints</name><score>27</score><site>H</site><line>-1.5</line></team>
</game>
<game>
<team tnum="1"><name>Atlanta Falcons</name><score>14</score><site>V</site><line>-3</line></team>
<team tnum="2"><name>San Diego Chargers</name><score>3</score><site>H</site><line>3</line></team>
</game>
<game>
<team tnum="1"><name>Indianapolis Colts</name><score>22</score><site>V</site><line>8</line></team>
<team tnum="2"><name>New York Jets</name><score>14</score><site>H</site><line>-8</line></team>
</game>
<game>
<team tnum="1"><name>Minnesota Vikings</name><score>17</score><site>V</site><line>7</line></team>
<team tnum="2"><name>San Francisco 49ers</name><score>28</score><site>H</site><line>-7</line></team>
</game>
<game>
<team tnum="1"><name>Washington Redskins</name><score>38</score><site>V</site><line>-2.5</line></team>
<team tnum="2"><name>Arizona Cardinals</name><score>28</score><site>H</site><line>2.5</line></team>
</game>
<game>
<team tnum="1"><name>Detroit Lions</name><score>30</score><site>V</site><line>3.5</line></team>
<team tnum="2"><name>Miami Dolphins</name><score>33</score><site>H</site><line>-3.5</line></team>
</game>
</date>
<date day="1997-12-08">
<game>
<team tnum="1"><name>Carolina Panthers</name><score>23</score><site>V</site><line>6.5</line></team>
<team tnum="2"><name>Dallas Cowboys</name><score>13</score><site>H</site><line>-6.5</line></team>
</game>
</date>
<date day="1997-12-13">
<game>
<team tnum="1"><name>Washington Redskins</name><score>10</score><site>V</site><line>3</line></team>
<team tnum="2"><name>New York Giants</name><score>30</score><site>H</site><line>-3</line></team>
</game>
<game>
<team tnum="1"><name>Pittsburgh Steelers</name><score>24</score><site>V</site><line>2.5</line></team>
<team tnum="2"><name>New England Patriots</name><score>21</score><site>H</site><line>-2.5</line></team>
</game>
</date>
<date day="1997-12-14">
<game>
<team tnum="1"><name>Dallas Cowboys</name><score>24</score><site>V</site><line>3.5</line></team>
<team tnum="2"><name>Cincinnati Bengals</name><score>31</score><site>H</site><line>-3.5</line></team>
</game>
<game>
<team tnum="1"><name>Detroit Lions</name><score>14</score><site>V</site><line>2.5</line></team>
<team tnum="2"><name>Minnesota Vikings</name><score>13</score><site>H</site><line>-2.5</line></team>
</game>
<game>
<team tnum="1"><name>Jacksonville Jaguars</name><score>20</score><site>V</site><line>-5</line></team>
<team tnum="2"><name>Buffalo Bills</name><score>14</score><site>H</site><line>5</line></team>
</game>
<game>
<team tnum="1"><name>Miami Dolphins</name><score>0</score><site>V</site><line>-4</line></team>
<team tnum="2"><name>Indianapolis Colts</name><score>41</score><site>H</site><line>4</line></team>
</game>
<game>
<team tnum="1"><name>Philadelphia Eagles</name><score>17</score><site>V</site><line>2</line></team>
<team tnum="2"><name>Atlanta Falcons</name><score>20</score><site>H</site><line>-2</line></team>
</game>
<game>
<team tnum="1"><name>Tampa Bay Buccaneers</name><score>0</score><site>V</site><line>-2.5</line></team>
<team tnum="2"><name>New York Jets</name><score>31</score><site>H</site><line>2.5</line></team>
</game>
<game>
<team tnum="1"><name>Tennessee Oilers</name><score>19</score><site>V</site><line>0</line></team>
<team tnum="2"><name>Baltimore Ravens</name><score>21</score><site>H</site><line>0</line></team>
</game>
<game>
<team tnum="1"><name>Arizona Cardinals</name><score>10</score><site>V</site><line>2</line></team>
<team tnum="2"><name>New Orleans Saints</name><score>27</score><site>H</site><line>-2</line></team>
</game>
<game>
<team tnum="1"><name>Green Bay Packers</name><score>31</score><site>V</site><line>-7</line></team>
<team tnum="2"><name>Carolina Panthers</name><score>10</score><site>H</site><line>7</line></team>
</game>
<game>
<team tnum="1"><name>Kansas City Chiefs</name><score>29</score><site>V</site><line>-9.5</line></team>
<team tnum="2"><name>San Diego Chargers</name><score>7</score><site>H</site><line>9.5</line></team>
</game>
<game>
<team tnum="1"><name>Seattle Seahawks</name><score>22</score><site>V</site><line>1.5</line></team>
<team tnum="2"><name>Oakland Raiders</name><score>21</score><site>H</site><line>-1.5</line></team>
</game>
<game>
<team tnum="1"><name>Chicago Bears</name><score>13</score><site>V</site><line>3</line></team>
<team tnum="2"><name>St Louis Rams</name><score>10</score><site>H</site><line>-3</line></team>
</game>
</date>
<date day="1997-12-15">
<game>
<team tnum="1"><name>Denver Broncos</name><score>17</score><site>V</site><line>4</line></team>
<team tnum="2"><name>San Francisco 49ers</name><score>34</score><site>H</site><line>-4</line></team>
</game>
</date>
<date day="1997-12-20">
<game>
<team tnum="1"><name>Buffalo Bills</name><score>21</score><site>V</site><line>7</line></team>
<team tnum="2"><name>Green Bay Packers</name><score>31</score><site>H</site><line>-7</line></team>
</game>
<game>
<team tnum="1"><name>St Louis Rams</name><score>30</score><site>V</site><line>5</line></team>
<team tnum="2"><name>Carolina Panthers</name><score>18</score><site>H</site><line>-5</line></team>
</game>
</date>
<date day="1997-12-21">
<game>
<team tnum="1"><name>Baltimore Ravens</name><score>14</score><site>V</site><line>7</line></team>
<team tnum="2"><name>Cincinnati Bengals</name><score>16</score><site>H</site><line>-7</line></team>
</game>
<game>
<team tnum="1"><name>Chicago Bears</name><score>15</score><site>V</site><line>7.5</line></team>
<team tnum="2"><name>Tampa Bay Buccaneers</name><score>31</score><site>H</site><line>-7.5</line></team>
</game>
<game>
<team tnum="1"><name>Indianapolis Colts</name><score>28</score><site>V</site><line>6.5</line></team>
<team tnum="2"><name>Minnesota Vikings</name><score>39</score><site>H</site><line>-6.5</line></team>
</game>
<game>
<team tnum="1"><name>New Orleans Saints</name><score>13</score><site>V</site><line>7</line></team>
<team tnum="2"><name>Kansas City Chiefs</name><score>25</score><site>H</site><line>-7</line></team>
</game>
<game>
<team tnum="1"><name>New York Giants</name><score>20</score><site>V</site><line>1.5</line></team>
<team tnum="2"><name>Dallas Cowboys</name><score>7</score><site>H</site><line>-1.5</line></team>
</game>
<game>
<team tnum="1"><name>Philadelphia Eagles</name><score>32</score><site>V</site><line>5.5</line></team>
<team tnum="2"><name>Washington Redskins</name><score>35</score><site>H</site><line>-5.5</line></team>
</game>
<game>
<team tnum="1"><name>Pittsburgh Steelers</name><score>6</score><site>V</site><line>-1.5</line></team>
<team tnum="2"><name>Tennessee Oilers</name><score>16</score><site>H</site><line>1.5</line></team>
</game>
<game>
<team tnum="1"><name>Atlanta Falcons</name><score>26</score><site>V</site><line>-1.5</line></team>
<team tnum="2"><name>Arizona Cardinals</name><score>29</score><site>H</site><line>1.5</line></team>
</game>
<game>
<team tnum="1"><name>Jacksonville Jaguars</name><score>20</score><site>V</site><line>-2.5</line></team>
<team tnum="2"><name>Oakland Raiders</name><score>9</score><site>H</site><line>2.5</line></team>
</game>
<game>
<team tnum="1"><name>New York Jets</name><score>10</score><site>V</site><line>5.5</line></team>
<team tnum="2"><name>Detroit Lions</name><score>13</score><site>H</site><line>-5.5</line></team>
</game>
<game>
<team tnum="1"><name>San Diego Chargers</name><score>3</score><site>V</site><line>13</line></team>
<team tnum="2"><name>Denver Broncos</name><score>38</score><site>H</site><line>-13</line></team>
</game>
<game>
<team tnum="1"><name>San Francisco 49ers</name><score>9</score><site>V</site><line>-2.5</line></team>
<team tnum="2"><name>Seattle Seahawks</name><score>38</score><site>H</site><line>2.5</line></team>
</game>
</date>
<date day="1997-12-22">
<game>
<team tnum="1"><name>New England Patriots</name><score>14</score><site>V</site><line>2</line></team>
<team tnum="2"><name>Miami Dolphins</name><score>12</score><site>H</site><line>-2</line></team>
</game>
</date>
</scores>
