<?xml version="1.0" encoding="UTF-8"?> 
<scores>
<league>NFL</league><year>2008</year><season>Regular Season</season>
<date day="2008-09-04">
<game>
<team tnum="1"><name>Washington Redskins</name><score>7</score><site>V</site><line>4.5</line><totline>41.5</totline></team>
<team tnum="2"><name>New York Giants</name><score>16</score><site>H</site><line>-4.5</line><totline>41.5</totline></team>
</game>
</date>
<date day="2008-09-07">
<game>
<team tnum="1"><name>Cincinnati Bengals</name><score>10</score><site>V</site><line>-2</line><totline>37.5</totline></team>
<team tnum="2"><name>Baltimore Ravens</name><score>17</score><site>H</site><line>2</line><totline>37.5</totline></team>
</game>
<game>
<team tnum="1"><name>New York Jets</name><score>20</score><site>V</site><line>-3</line><totline>36</totline></team>
<team tnum="2"><name>Miami Dolphins</name><score>14</score><site>H</site><line>3</line><totline>36</totline></team>
</game>
<game>
<team tnum="1"><name>Kansas City Chiefs</name><score>10</score><site>V</site><line>16</line><totline>43.5</totline></team>
<team tnum="2"><name>New England Patriots</name><score>17</score><site>H</site><line>-16</line><totline>43.5</totline></team>
</game>
<game>
<team tnum="1"><name>Houston Texans</name><score>17</score><site>V</site><line>6.5</line><totline>43</totline></team>
<team tnum="2"><name>Pittsburgh Steelers</name><score>38</score><site>H</site><line>-6.5</line><totline>43</totline></team>
</game>
<game>
<team tnum="1"><name>Jacksonville Jaguars</name><score>10</score><site>V</site><line>-3</line><totline>36.5</totline></team>
<team tnum="2"><name>Tennessee Titans</name><score>17</score><site>H</site><line>3</line><totline>36.5</totline></team>
</game>
<game>
<team tnum="1"><name>Detroit Lions</name><score>21</score><site>V</site><line>-3</line><totline>41</totline></team>
<team tnum="2"><name>Atlanta Falcons</name><score>34</score><site>H</site><line>3</line><totline>41</totline></team>
</game>
<game>
<team tnum="1"><name>Seattle Seahawks</name><score>10</score><site>V</site><line>1</line><totline>38.5</totline></team>
<team tnum="2"><name>Buffalo Bills</name><score>34</score><site>H</site><line>-1</line><totline>38.5</totline></team>
</game>
<game>
<team tnum="1"><name>Tampa Bay Buccaneers</name><score>20</score><site>V</site><line>3</line><totline>42.5</totline></team>
<team tnum="2"><name>New Orleans Saints</name><score>24</score><site>H</site><line>-3</line><totline>42.5</totline></team>
</game>
<game>
<team tnum="1"><name>St Louis Rams</name><score>3</score><site>V</site><line>8</line><totline>44</totline></team>
<team tnum="2"><name>Philadelphia Eagles</name><score>38</score><site>H</site><line>-8</line><totline>44</totline></team>
</game>
<game>
<team tnum="1"><name>Dallas Cowboys</name><score>28</score><site>V</site><line>-6</line><totline>48.5</totline></team>
<team tnum="2"><name>Cleveland Browns</name><score>10</score><site>H</site><line>6</line><totline>48.5</totline></team>
</game>
<game>
<team tnum="1"><name>Carolina Panthers</name><score>26</score><site>V</site><line>9.5</line><totline>41</totline></team>
<team tnum="2"><name>San Diego Chargers</name><score>24</score><site>H</site><line>-9.5</line><totline>41</totline></team>
</game>
<game>
<team tnum="1"><name>Arizona Cardinals</name><score>23</score><site>V</site><line>-2.5</line><totline>42</totline></team>
<team tnum="2"><name>San Francisco 49ers</name><score>13</score><site>H</site><line>2.5</line><totline>42</totline></team>
</game>
<game>
<team tnum="1"><name>Chicago Bears</name><score>29</score><site>V</site><line>10</line><totline>44</totline></team>
<team tnum="2"><name>Indianapolis Colts</name><score>13</score><site>H</site><line>-10</line><totline>44</totline></team>
</game>
</date>
<date day="2008-09-08">
<game>
<team tnum="1"><name>Minnesota Vikings</name><score>19</score><site>V</site><line>2.5</line><totline>37.5</totline></team>
<team tnum="2"><name>Green Bay Packers</name><score>24</score><site>H</site><line>-2.5</line><totline>37.5</totline></team>
</game>
<game>
<team tnum="1"><name>Denver Broncos</name><score>41</score><site>V</site><line>-3</line><totline>40.5</totline></team>
<team tnum="2"><name>Oakland Raiders</name><score>14</score><site>H</site><line>3</line><totline>40.5</totline></team>
</game>
</date>
<date day="2008-09-14">
<game>
<team tnum="1"><name>Oakland Raiders</name><score>23</score><site>V</site><line>3.5</line><totline>36</totline></team>
<team tnum="2"><name>Kansas City Chiefs</name><score>8</score><site>H</site><line>-3.5</line><totline>36</totline></team>
</game>
<game>
<team tnum="1"><name>Tennessee Titans</name><score>24</score><site>V</site><line>1</line><totline>37</totline></team>
<team tnum="2"><name>Cincinnati Bengals</name><score>7</score><site>H</site><line>-1</line><totline>37</totline></team>
</game>
<game>
<team tnum="1"><name>Indianapolis Colts</name><score>18</score><site>V</site><line>-1</line><totline>43.5</totline></team>
<team tnum="2"><name>Minnesota Vikings</name><score>15</score><site>H</site><line>1</line><totline>43.5</totline></team>
</game>
<game>
<team tnum="1"><name>New Orleans Saints</name><score>24</score><site>V</site><line>1</line><totline>43.5</totline></team>
<team tnum="2"><name>Washington Redskins</name><score>29</score><site>H</site><line>-1</line><totline>43.5</totline></team>
</game>
<game>
<team tnum="1"><name>Green Bay Packers</name><score>48</score><site>V</site><line>-3</line><totline>47</totline></team>
<team tnum="2"><name>Detroit Lions</name><score>25</score><site>H</site><line>3</line><totline>47</totline></team>
</game>
<game>
<team tnum="1"><name>Chicago Bears</name><score>17</score><site>V</site><line>3</line><totline>37.5</totline></team>
<team tnum="2"><name>Carolina Panthers</name><score>20</score><site>H</site><line>-3</line><totline>37.5</totline></team>
</game>
<game>
<team tnum="1"><name>New York Giants</name><score>41</score><site>V</site><line>-8</line><totline>43.5</totline></team>
<team tnum="2"><name>St Louis Rams</name><score>13</score><site>H</site><line>8</line><totline>43.5</totline></team>
</game>
<game>
<team tnum="1"><name>Buffalo Bills</name><score>20</score><site>V</site><line>4</line><totline>37</totline></team>
<team tnum="2"><name>Jacksonville Jaguars</name><score>16</score><site>H</site><line>-4</line><totline>37</totline></team>
</game>
<game>
<team tnum="1"><name>Atlanta Falcons</name><score>9</score><site>V</site><line>7</line><totline>37.5</totline></team>
<team tnum="2"><name>Tampa Bay Buccaneers</name><score>24</score><site>H</site><line>-7</line><totline>37.5</totline></team>
</game>
<game>
<team tnum="1"><name>San Francisco 49ers</name><score>33</score><site>V</site><line>6.5</line><totline>38</totline></team>
<team tnum="2"><name>Seattle Seahawks</name><score>30</score><site>H</site><line>-6.5</line><totline>38</totline></team>
</game>
<game>
<team tnum="1"><name>Miami Dolphins</name><score>10</score><site>V</site><line>6.5</line><totline>40.5</totline></team>
<team tnum="2"><name>Arizona Cardinals</name><score>31</score><site>H</site><line>-6.5</line><totline>40.5</totline></team>
</game>
<game>
<team tnum="1"><name>New England Patriots</name><score>19</score><site>V</site><line>1</line><totline>37</totline></team>
<team tnum="2"><name>New York Jets</name><score>10</score><site>H</site><line>-1</line><totline>37</totline></team>
</game>
<game>
<team tnum="1"><name>San Diego Chargers</name><score>38</score><site>V</site><line>1</line><totline>46.5</totline></team>
<team tnum="2"><name>Denver Broncos</name><score>39</score><site>H</site><line>-1</line><totline>46.5</totline></team>
</game>
<game>
<team tnum="1"><name>Pittsburgh Steelers</name><score>10</score><site>V</site><line>-6.5</line><totline>43.5</totline></team>
<team tnum="2"><name>Cleveland Browns</name><score>6</score><site>H</site><line>6.5</line><totline>43.5</totline></team>
</game>
</date>
<date day="2008-09-15">
<game>
<team tnum="1"><name>Philadelphia Eagles</name><score>37</score><site>V</site><line>6.5</line><totline>46.5</totline></team>
<team tnum="2"><name>Dallas Cowboys</name><score>41</score><site>H</site><line>-6.5</line><totline>46.5</totline></team>
</game>
</date>
<date day="2008-09-21">
<game>
<team tnum="1"><name>Kansas City Chiefs</name><score>14</score><site>V</site><line>6.5</line><totline>37</totline></team>
<team tnum="2"><name>Atlanta Falcons</name><score>38</score><site>H</site><line>-6.5</line><totline>37</totline></team>
</game>
<game>
<team tnum="1"><name>Oakland Raiders</name><score>23</score><site>V</site><line>10</line><totline>37.5</totline></team>
<team tnum="2"><name>Buffalo Bills</name><score>24</score><site>H</site><line>-10</line><totline>37.5</totline></team>
</game>
<game>
<team tnum="1"><name>Houston Texans</name><score>12</score><site>V</site><line>5</line><totline>40</totline></team>
<team tnum="2"><name>Tennessee Titans</name><score>31</score><site>H</site><line>-5</line><totline>40</totline></team>
</game>
<game>
<team tnum="1"><name>Cincinnati Bengals</name><score>23</score><site>V</site><line>13</line><totline>42.5</totline></team>
<team tnum="2"><name>New York Giants</name><score>26</score><site>H</site><line>-13</line><totline>42.5</totline></team>
</game>
<game>
<team tnum="1"><name>Arizona Cardinals</name><score>17</score><site>V</site><line>3</line><totline>43.5</totline></team>
<team tnum="2"><name>Washington Redskins</name><score>24</score><site>H</site><line>-3</line><totline>43.5</totline></team>
</game>
<game>
<team tnum="1"><name>Miami Dolphins</name><score>38</score><site>V</site><line>12.5</line><totline>37</totline></team>
<team tnum="2"><name>New England Patriots</name><score>13</score><site>H</site><line>-12.5</line><totline>37</totline></team>
</game>
<game>
<team tnum="1"><name>Tampa Bay Buccaneers</name><score>27</score><site>V</site><line>3</line><totline>35</totline></team>
<team tnum="2"><name>Chicago Bears</name><score>24</score><site>H</site><line>-3</line><totline>35</totline></team>
</game>
<game>
<team tnum="1"><name>Carolina Panthers</name><score>10</score><site>V</site><line>3</line><totline>37.5</totline></team>
<team tnum="2"><name>Minnesota Vikings</name><score>20</score><site>H</site><line>-3</line><totline>37.5</totline></team>
</game>
<game>
<team tnum="1"><name>St Louis Rams</name><score>13</score><site>V</site><line>8</line><totline>44.5</totline></team>
<team tnum="2"><name>Seattle Seahawks</name><score>37</score><site>H</site><line>-8</line><totline>44.5</totline></team>
</game>
<game>
<team tnum="1"><name>Detroit Lions</name><score>13</score><site>V</site><line>5</line><totline>47</totline></team>
<team tnum="2"><name>San Francisco 49ers</name><score>31</score><site>H</site><line>-5</line><totline>47</totline></team>
</game>
<game>
<team tnum="1"><name>New Orleans Saints</name><score>32</score><site>V</site><line>5.5</line><totline>52</totline></team>
<team tnum="2"><name>Denver Broncos</name><score>34</score><site>H</site><line>-5.5</line><totline>52</totline></team>
</game>
<game>
<team tnum="1"><name>Pittsburgh Steelers</name><score>6</score><site>V</site><line>3.5</line><totline>45</totline></team>
<team tnum="2"><name>Philadelphia Eagles</name><score>15</score><site>H</site><line>-3.5</line><totline>45</totline></team>
</game>
<game>
<team tnum="1"><name>Jacksonville Jaguars</name><score>23</score><site>V</site><line>4</line><totline>42</totline></team>
<team tnum="2"><name>Indianapolis Colts</name><score>21</score><site>H</site><line>-4</line><totline>42</totline></team>
</game>
<game>
<team tnum="1"><name>Cleveland Browns</name><score>10</score><site>V</site><line>2.5</line><totline>37</totline></team>
<team tnum="2"><name>Baltimore Ravens</name><score>28</score><site>H</site><line>-2.5</line><totline>37</totline></team>
</game>
<game>
<team tnum="1"><name>Dallas Cowboys</name><score>27</score><site>V</site><line>-3</line><totline>51</totline></team>
<team tnum="2"><name>Green Bay Packers</name><score>16</score><site>H</site><line>3</line><totline>51</totline></team>
</game>
</date>
<date day="2008-09-22">
<game>
<team tnum="1"><name>New York Jets</name><score>29</score><site>V</site><line>8</line><totline>46.5</totline></team>
<team tnum="2"><name>San Diego Chargers</name><score>48</score><site>H</site><line>-8</line><totline>46.5</totline></team>
</game>
</date>
<date day="2008-09-28">
<game>
<team tnum="1"><name>Denver Broncos</name><score>19</score><site>V</site><line>-9</line><totline>47</totline></team>
<team tnum="2"><name>Kansas City Chiefs</name><score>33</score><site>H</site><line>9</line><totline>47</totline></team>
</game>
<game>
<team tnum="1"><name>Cleveland Browns</name><score>20</score><site>V</site><line>1</line><totline>42</totline></team>
<team tnum="2"><name>Cincinnati Bengals</name><score>12</score><site>H</site><line>-1</line><totline>42</totline></team>
</game>
<game>
<team tnum="1"><name>Houston Texans</name><score>27</score><site>V</site><line>6.5</line><totline>43</totline></team>
<team tnum="2"><name>Jacksonville Jaguars</name><score>30</score><site>H</site><line>-6.5</line><totline>43</totline></team>
</game>
<game>
<team tnum="1"><name>Arizona Cardinals</name><score>35</score><site>V</site><line>1.5</line><totline>43.5</totline></team>
<team tnum="2"><name>New York Jets</name><score>56</score><site>H</site><line>-1.5</line><totline>43.5</totline></team>
</game>
<game>
<team tnum="1"><name>San Francisco 49ers</name><score>17</score><site>V</site><line>4</line><totline>48.5</totline></team>
<team tnum="2"><name>New Orleans Saints</name><score>31</score><site>H</site><line>-4</line><totline>48.5</totline></team>
</game>
<game>
<team tnum="1"><name>Atlanta Falcons</name><score>9</score><site>V</site><line>7</line><totline>39</totline></team>
<team tnum="2"><name>Carolina Panthers</name><score>24</score><site>H</site><line>-7</line><totline>39</totline></team>
</game>
<game>
<team tnum="1"><name>Minnesota Vikings</name><score>17</score><site>V</site><line>3</line><totline>35</totline></team>
<team tnum="2"><name>Tennessee Titans</name><score>30</score><site>H</site><line>-3</line><totline>35</totline></team>
</game>
<game>
<team tnum="1"><name>Green Bay Packers</name><score>21</score><site>V</site><line>2</line><totline>43</totline></team>
<team tnum="2"><name>Tampa Bay Buccaneers</name><score>30</score><site>H</site><line>-2</line><totline>43</totline></team>
</game>
<game>
<team tnum="1"><name>Buffalo Bills</name><score>31</score><site>V</site><line>-8.5</line><totline>43.5</totline></team>
<team tnum="2"><name>St Louis Rams</name><score>14</score><site>H</site><line>8.5</line><totline>43.5</totline></team>
</game>
<game>
<team tnum="1"><name>San Diego Chargers</name><score>28</score><site>V</site><line>-8</line><totline>45.5</totline></team>
<team tnum="2"><name>Oakland Raiders</name><score>18</score><site>H</site><line>8</line><totline>45.5</totline></team>
</game>
<game>
<team tnum="1"><name>Washington Redskins</name><score>26</score><site>V</site><line>10</line><totline>47</totline></team>
<team tnum="2"><name>Dallas Cowboys</name><score>24</score><site>H</site><line>-10</line><totline>47</totline></team>
</game>
<game>
<team tnum="1"><name>Philadelphia Eagles</name><score>20</score><site>V</site><line>-3</line><totline>39</totline></team>
<team tnum="2"><name>Chicago Bears</name><score>24</score><site>H</site><line>3</line><totline>39</totline></team>
</game>
</date>
<date day="2008-09-29">
<game>
<team tnum="1"><name>Baltimore Ravens</name><score>20</score><site>V</site><line>6</line><totline>34.5</totline></team>
<team tnum="2"><name>Pittsburgh Steelers</name><score>23</score><site>H</site><line>-6</line><totline>34.5</totline></team>
</game>
</date>
<date day="2008-10-05">
<game>
<team tnum="1"><name>Indianapolis Colts</name><score>31</score><site>V</site><line>-4.5</line><totline>48.5</totline></team>
<team tnum="2"><name>Houston Texans</name><score>27</score><site>H</site><line>4.5</line><totline>48.5</totline></team>
</game>
<game>
<team tnum="1"><name>Tennessee Titans</name><score>13</score><site>V</site><line>-1</line><totline>33.5</totline></team>
<team tnum="2"><name>Baltimore Ravens</name><score>10</score><site>H</site><line>1</line><totline>33.5</totline></team>
</game>
<game>
<team tnum="1"><name>San Diego Chargers</name><score>10</score><site>V</site><line>-6</line><totline>44.5</totline></team>
<team tnum="2"><name>Miami Dolphins</name><score>17</score><site>H</site><line>6</line><totline>44.5</totline></team>
</game>
<game>
<team tnum="1"><name>Kansas City Chiefs</name><score>0</score><site>V</site><line>10</line><totline>38</totline></team>
<team tnum="2"><name>Carolina Panthers</name><score>34</score><site>H</site><line>-10</line><totline>38</totline></team>
</game>
<game>
<team tnum="1"><name>Washington Redskins</name><score>23</score><site>V</site><line>6.5</line><totline>42</totline></team>
<team tnum="2"><name>Philadelphia Eagles</name><score>17</score><site>H</site><line>-6.5</line><totline>42</totline></team>
</game>
<game>
<team tnum="1"><name>Chicago Bears</name><score>34</score><site>V</site><line>-3</line><totline>45.5</totline></team>
<team tnum="2"><name>Detroit Lions</name><score>7</score><site>H</site><line>3</line><totline>45.5</totline></team>
</game>
<game>
<team tnum="1"><name>Atlanta Falcons</name><score>27</score><site>V</site><line>5</line><totline>42.5</totline></team>
<team tnum="2"><name>Green Bay Packers</name><score>24</score><site>H</site><line>-5</line><totline>42.5</totline></team>
</game>
<game>
<team tnum="1"><name>Seattle Seahawks</name><score>6</score><site>V</site><line>6.5</line><totline>43.5</totline></team>
<team tnum="2"><name>New York Giants</name><score>44</score><site>H</site><line>-6.5</line><totline>43.5</totline></team>
</game>
<game>
<team tnum="1"><name>Tampa Bay Buccaneers</name><score>13</score><site>V</site><line>4</line><totline>47</totline></team>
<team tnum="2"><name>Denver Broncos</name><score>16</score><site>H</site><line>-4</line><totline>47</totline></team>
</game>
<game>
<team tnum="1"><name>New England Patriots</name><score>30</score><site>V</site><line>-3</line><totline>41</totline></team>
<team tnum="2"><name>San Francisco 49ers</name><score>21</score><site>H</site><line>3</line><totline>41</totline></team>
</game>
<game>
<team tnum="1"><name>Buffalo Bills</name><score>17</score><site>V</site><line>2.5</line><totline>44.5</totline></team>
<team tnum="2"><name>Arizona Cardinals</name><score>41</score><site>H</site><line>-2.5</line><totline>44.5</totline></team>
</game>
<game>
<team tnum="1"><name>Cincinnati Bengals</name><score>22</score><site>V</site><line>16</line><totline>46</totline></team>
<team tnum="2"><name>Dallas Cowboys</name><score>31</score><site>H</site><line>-16</line><totline>46</totline></team>
</game>
<game>
<team tnum="1"><name>Pittsburgh Steelers</name><score>26</score><site>V</site><line>5</line><totline>37</totline></team>
<team tnum="2"><name>Jacksonville Jaguars</name><score>21</score><site>H</site><line>-5</line><totline>37</totline></team>
</game>
</date>
<date day="2008-10-06">
<game>
<team tnum="1"><name>Minnesota Vikings</name><score>30</score><site>V</site><line>3</line><totline>47</totline></team>
<team tnum="2"><name>New Orleans Saints</name><score>27</score><site>H</site><line>-3</line><totline>47</totline></team>
</game>
</date>
<date day="2008-10-12">
<game>
<team tnum="1"><name>Oakland Raiders</name><score>3</score><site>V</site><line>7</line><totline>47.5</totline></team>
<team tnum="2"><name>New Orleans Saints</name><score>34</score><site>H</site><line>-7</line><totline>47.5</totline></team>
</game>
<game>
<team tnum="1"><name>Baltimore Ravens</name><score>3</score><site>V</site><line>4</line><totline>38.5</totline></team>
<team tnum="2"><name>Indianapolis Colts</name><score>31</score><site>H</site><line>-4</line><totline>38.5</totline></team>
</game>
<game>
<team tnum="1"><name>Cincinnati Bengals</name><score>14</score><site>V</site><line>8</line><totline>42.5</totline></team>
<team tnum="2"><name>New York Jets</name><score>26</score><site>H</site><line>-8</line><totline>42.5</totline></team>
</game>
<game>
<team tnum="1"><name>Carolina Panthers</name><score>3</score><site>V</site><line>1</line><totline>36.5</totline></team>
<team tnum="2"><name>Tampa Bay Buccaneers</name><score>27</score><site>H</site><line>-1</line><totline>36.5</totline></team>
</game>
<game>
<team tnum="1"><name>Detroit Lions</name><score>10</score><site>V</site><line>13</line><totline>45.5</totline></team>
<team tnum="2"><name>Minnesota Vikings</name><score>12</score><site>H</site><line>-13</line><totline>45.5</totline></team>
</game>
<game>
<team tnum="1"><name>Chicago Bears</name><score>20</score><site>V</site><line>-3</line><totline>43.5</totline></team>
<team tnum="2"><name>Atlanta Falcons</name><score>22</score><site>H</site><line>3</line><totline>43.5</totline></team>
</game>
<game>
<team tnum="1"><name>Miami Dolphins</name><score>28</score><site>V</site><line>3</line><totline>44.5</totline></team>
<team tnum="2"><name>Houston Texans</name><score>29</score><site>H</site><line>-3</line><totline>44.5</totline></team>
</game>
<game>
<team tnum="1"><name>St Louis Rams</name><score>19</score><site>V</site><line>13.5</line><totline>44</totline></team>
<team tnum="2"><name>Washington Redskins</name><score>17</score><site>H</site><line>-13.5</line><totline>44</totline></team>
</game>
<game>
<team tnum="1"><name>Jacksonville Jaguars</name><score>24</score><site>V</site><line>3</line><totline>48</totline></team>
<team tnum="2"><name>Denver Broncos</name><score>17</score><site>H</site><line>-3</line><totline>48</totline></team>
</game>
<game>
<team tnum="1"><name>Philadelphia Eagles</name><score>40</score><site>V</site><line>-5</line><totline>41.5</totline></team>
<team tnum="2"><name>San Francisco 49ers</name><score>26</score><site>H</site><line>5</line><totline>41.5</totline></team>
</game>
<game>
<team tnum="1"><name>Dallas Cowboys</name><score>24</score><site>V</site><line>-5</line><totline>53</totline></team>
<team tnum="2"><name>Arizona Cardinals</name><score>30</score><site>H</site><line>5</line><totline>53</totline></team>
</game>
<game>
<team tnum="1"><name>Green Bay Packers</name><score>27</score><site>V</site><line>1</line><totline>44.5</totline></team>
<team tnum="2"><name>Seattle Seahawks</name><score>17</score><site>H</site><line>-1</line><totline>44.5</totline></team>
</game>
<game>
<team tnum="1"><name>New England Patriots</name><score>10</score><site>V</site><line>6</line><totline>44</totline></team>
<team tnum="2"><name>San Diego Chargers</name><score>30</score><site>H</site><line>-6</line><totline>44</totline></team>
</game>
</date>
<date day="2008-10-13">
<game>
<team tnum="1"><name>New York Giants</name><score>14</score><site>V</site><line>-8</line><totline>43.5</totline></team>
<team tnum="2"><name>Cleveland Browns</name><score>35</score><site>H</site><line>8</line><totline>43.5</totline></team>
</game>
</date>
<date day="2008-10-19">
<game>
<team tnum="1"><name>Tennessee Titans</name><score>34</score><site>V</site><line>-9</line><totline>35</totline></team>
<team tnum="2"><name>Kansas City Chiefs</name><score>10</score><site>H</site><line>9</line><totline>35</totline></team>
</game>
<game>
<team tnum="1"><name>San Diego Chargers</name><score>14</score><site>V</site><line>1</line><totline>45</totline></team>
<team tnum="2"><name>Buffalo Bills</name><score>23</score><site>H</site><line>-1</line><totline>45</totline></team>
</game>
<game>
<team tnum="1"><name>Pittsburgh Steelers</name><score>38</score><site>V</site><line>-8.5</line><totline>37</totline></team>
<team tnum="2"><name>Cincinnati Bengals</name><score>10</score><site>H</site><line>8.5</line><totline>37</totline></team>
</game>
<game>
<team tnum="1"><name>Baltimore Ravens</name><score>27</score><site>V</site><line>3</line><totline>35</totline></team>
<team tnum="2"><name>Miami Dolphins</name><score>13</score><site>H</site><line>-3</line><totline>35</totline></team>
</game>
<game>
<team tnum="1"><name>Dallas Cowboys</name><score>14</score><site>V</site><line>-8</line><totline>45</totline></team>
<team tnum="2"><name>St Louis Rams</name><score>34</score><site>H</site><line>8</line><totline>45</totline></team>
</game>
<game>
<team tnum="1"><name>Minnesota Vikings</name><score>41</score><site>V</site><line>3</line><totline>38</totline></team>
<team tnum="2"><name>Chicago Bears</name><score>48</score><site>H</site><line>-3</line><totline>38</totline></team>
</game>
<game>
<team tnum="1"><name>New Orleans Saints</name><score>7</score><site>V</site><line>3</line><totline>44.5</totline></team>
<team tnum="2"><name>Carolina Panthers</name><score>30</score><site>H</site><line>-3</line><totline>44.5</totline></team>
</game>
<game>
<team tnum="1"><name>San Francisco 49ers</name><score>17</score><site>V</site><line>10</line><totline>47</totline></team>
<team tnum="2"><name>New York Giants</name><score>29</score><site>H</site><line>-10</line><totline>47</totline></team>
</game>
<game>
<team tnum="1"><name>Detroit Lions</name><score>21</score><site>V</site><line>11.5</line><totline>47.5</totline></team>
<team tnum="2"><name>Houston Texans</name><score>28</score><site>H</site><line>-11.5</line><totline>47.5</totline></team>
</game>
<game>
<team tnum="1"><name>New York Jets</name><score>13</score><site>V</site><line>-3</line><totline>41</totline></team>
<team tnum="2"><name>Oakland Raiders</name><score>16</score><site>H</site><line>3</line><totline>41</totline></team>
</game>
<game>
<team tnum="1"><name>Cleveland Browns</name><score>11</score><site>V</site><line>7</line><totline>42</totline></team>
<team tnum="2"><name>Washington Redskins</name><score>14</score><site>H</site><line>-7</line><totline>42</totline></team>
</game>
<game>
<team tnum="1"><name>Indianapolis Colts</name><score>14</score><site>V</site><line>-2.5</line><totline>47</totline></team>
<team tnum="2"><name>Green Bay Packers</name><score>34</score><site>H</site><line>2.5</line><totline>47</totline></team>
</game>
<game>
<team tnum="1"><name>Seattle Seahawks</name><score>10</score><site>V</site><line>11.5</line><totline>40.5</totline></team>
<team tnum="2"><name>Tampa Bay Buccaneers</name><score>20</score><site>H</site><line>-11.5</line><totline>40.5</totline></team>
</game>
</date>
<date day="2008-10-20">
<game>
<team tnum="1"><name>Denver Broncos</name><score>7</score><site>V</site><line>3</line><totline>48</totline></team>
<team tnum="2"><name>New England Patriots</name><score>41</score><site>H</site><line>-3</line><totline>48</totline></team>
</game>
</date>
<date day="2008-10-26">
<game>
<team tnum="1"><name>Oakland Raiders</name><score>10</score><site>V</site><line>8</line><totline>34.5</totline></team>
<team tnum="2"><name>Baltimore Ravens</name><score>29</score><site>H</site><line>-8</line><totline>34.5</totline></team>
</game>
<game info="@ London, England"> 
<team tnum="1"><name>New Orleans Saints</name><score>37</score><line>3</line><totline>45.5</totline></team>
<team tnum="2"><name>San Diego Chargers</name><score>32</score><line>-3</line><totline>45.5</totline></team>
</game>
<game>
<team tnum="1"><name>Kansas City Chiefs</name><score>24</score><site>V</site><line>14</line><totline>41</totline></team>
<team tnum="2"><name>New York Jets</name><score>28</score><site>H</site><line>-14</line><totline>41</totline></team>
</game>
<game>
<team tnum="1"><name>Buffalo Bills</name><score>16</score><site>V</site><line>1</line><totline>41.5</totline></team>
<team tnum="2"><name>Miami Dolphins</name><score>25</score><site>H</site><line>-1</line><totline>41.5</totline></team>
</game>
<game>
<team tnum="1"><name>Tampa Bay Buccaneers</name><score>9</score><site>V</site><line>1.5</line><totline>40.5</totline></team>
<team tnum="2"><name>Dallas Cowboys</name><score>13</score><site>H</site><line>-1.5</line><totline>40.5</totline></team>
</game>
<game>
<team tnum="1"><name>Atlanta Falcons</name><score>14</score><site>V</site><line>9.5</line><totline>45</totline></team>
<team tnum="2"><name>Philadelphia Eagles</name><score>27</score><site>H</site><line>-9.5</line><totline>45</totline></team>
</game>
<game>
<team tnum="1"><name>St Louis Rams</name><score>16</score><site>V</site><line>9</line><totline>41</totline></team>
<team tnum="2"><name>New England Patriots</name><score>23</score><site>H</site><line>-9</line><totline>41</totline></team>
</game>
<game>
<team tnum="1"><name>Arizona Cardinals</name><score>23</score><site>V</site><line>5.5</line><totline>43</totline></team>
<team tnum="2"><name>Carolina Panthers</name><score>27</score><site>H</site><line>-5.5</line><totline>43</totline></team>
</game>
<game>
<team tnum="1"><name>Washington Redskins</name><score>25</score><site>V</site><line>-7</line><totline>42</totline></team>
<team tnum="2"><name>Detroit Lions</name><score>17</score><site>H</site><line>7</line><totline>42</totline></team>
</game>
<game>
<team tnum="1"><name>Cleveland Browns</name><score>23</score><site>V</site><line>7</line><totline>42</totline></team>
<team tnum="2"><name>Jacksonville Jaguars</name><score>17</score><site>H</site><line>-7</line><totline>42</totline></team>
</game>
<game>
<team tnum="1"><name>New York Giants</name><score>21</score><site>V</site><line>3</line><totline>41</totline></team>
<team tnum="2"><name>Pittsburgh Steelers</name><score>14</score><site>H</site><line>-3</line><totline>41</totline></team>
</game>
<game>
<team tnum="1"><name>Seattle Seahawks</name><score>34</score><site>V</site><line>5.5</line><totline>41.5</totline></team>
<team tnum="2"><name>San Francisco 49ers</name><score>13</score><site>H</site><line>-5.5</line><totline>41.5</totline></team>
</game>
<game>
<team tnum="1"><name>Cincinnati Bengals</name><score>6</score><site>V</site><line>9</line><totline>45.5</totline></team>
<team tnum="2"><name>Houston Texans</name><score>35</score><site>H</site><line>-9</line><totline>45.5</totline></team>
</game>
</date>
<date day="2008-10-27">
<game>
<team tnum="1"><name>Indianapolis Colts</name><score>21</score><site>V</site><line>4</line><totline>41.5</totline></team>
<team tnum="2"><name>Tennessee Titans</name><score>31</score><site>H</site><line>-4</line><totline>41.5</totline></team>
</game>
</date>
<date day="2008-11-02">
<game>
<team tnum="1"><name>Houston Texans</name><score>21</score><site>V</site><line>5.5</line><totline>47</totline></team>
<team tnum="2"><name>Minnesota Vikings</name><score>28</score><site>H</site><line>-5.5</line><totline>47</totline></team>
</game>
<game>
<team tnum="1"><name>Jacksonville Jaguars</name><score>19</score><site>V</site><line>-7.5</line><totline>40</totline></team>
<team tnum="2"><name>Cincinnati Bengals</name><score>21</score><site>H</site><line>7.5</line><totline>40</totline></team>
</game>
<game>
<team tnum="1"><name>Tampa Bay Buccaneers</name><score>30</score><site>V</site><line>-9.5</line><totline>36.5</totline></team>
<team tnum="2"><name>Kansas City Chiefs</name><score>27</score><site>H</site><line>9.5</line><totline>36.5</totline></team>
</game>
<game>
<team tnum="1"><name>Baltimore Ravens</name><score>37</score><site>V</site><line>2.5</line><totline>36.5</totline></team>
<team tnum="2"><name>Cleveland Browns</name><score>27</score><site>H</site><line>-2.5</line><totline>36.5</totline></team>
</game>
<game>
<team tnum="1"><name>New York Jets</name><score>26</score><site>V</site><line>5</line><totline>43</totline></team>
<team tnum="2"><name>Buffalo Bills</name><score>17</score><site>H</site><line>-5</line><totline>43</totline></team>
</game>
<game>
<team tnum="1"><name>Arizona Cardinals</name><score>34</score><site>V</site><line>-3</line><totline>50</totline></team>
<team tnum="2"><name>St Louis Rams</name><score>13</score><site>H</site><line>3</line><totline>50</totline></team>
</game>
<game>
<team tnum="1"><name>Detroit Lions</name><score>23</score><site>V</site><line>12.5</line><totline>43.5</totline></team>
<team tnum="2"><name>Chicago Bears</name><score>27</score><site>H</site><line>-12.5</line><totline>43.5</totline></team>
</game>
<game>
<team tnum="1"><name>Green Bay Packers</name><score>16</score><site>V</site><line>3.5</line><totline>41</totline></team>
<team tnum="2"><name>Tennessee Titans</name><score>19</score><site>H</site><line>-3.5</line><totline>41</totline></team>
</game>
<game>
<team tnum="1"><name>Miami Dolphins</name><score>26</score><site>V</site><line>4</line><totline>50</totline></team>
<team tnum="2"><name>Denver Broncos</name><score>17</score><site>H</site><line>-4</line><totline>50</totline></team>
</game>
<game>
<team tnum="1"><name>Atlanta Falcons</name><score>24</score><site>V</site><line>-3</line><totline>41.5</totline></team>
<team tnum="2"><name>Oakland Raiders</name><score>0</score><site>H</site><line>3</line><totline>41.5</totline></team>
</game>
<game>
<team tnum="1"><name>Dallas Cowboys</name><score>14</score><site>V</site><line>8.5</line><totline>42</totline></team>
<team tnum="2"><name>New York Giants</name><score>35</score><site>H</site><line>-8.5</line><totline>42</totline></team>
</game>
<game>
<team tnum="1"><name>Philadelphia Eagles</name><score>26</score><site>V</site><line>-6.5</line><totline>43</totline></team>
<team tnum="2"><name>Seattle Seahawks</name><score>7</score><site>H</site><line>6.5</line><totline>43</totline></team>
</game>
<game>
<team tnum="1"><name>New England Patriots</name><score>15</score><site>V</site><line>6.5</line><totline>44</totline></team>
<team tnum="2"><name>Indianapolis Colts</name><score>18</score><site>H</site><line>-6.5</line><totline>44</totline></team>
</game>
</date>
<date day="2008-11-03">
<game>
<team tnum="1"><name>Pittsburgh Steelers</name><score>23</score><site>V</site><line>2.5</line><totline>37</totline></team>
<team tnum="2"><name>Washington Redskins</name><score>6</score><site>H</site><line>-2.5</line><totline>37</totline></team>
</game>
</date>
<date day="2008-11-06">
<game>
<team tnum="1"><name>Denver Broncos</name><score>34</score><site>V</site><line>3</line><totline>47</totline></team>
<team tnum="2"><name>Cleveland Browns</name><score>30</score><site>H</site><line>-3</line><totline>47</totline></team>
</game>
</date>
<date day="2008-11-09">
<game>
<team tnum="1"><name>Jacksonville Jaguars</name><score>38</score><site>V</site><line>-5</line><totline>43</totline></team>
<team tnum="2"><name>Detroit Lions</name><score>14</score><site>H</site><line>5</line><totline>43</totline></team>
</game>
<game>
<team tnum="1"><name>Tennessee Titans</name><score>21</score><site>V</site><line>-3</line><totline>37</totline></team>
<team tnum="2"><name>Chicago Bears</name><score>14</score><site>H</site><line>3</line><totline>37</totline></team>
</game>
<game>
<team tnum="1"><name>Buffalo Bills</name><score>10</score><site>V</site><line>3.5</line><totline>41</totline></team>
<team tnum="2"><name>New England Patriots</name><score>20</score><site>H</site><line>-3.5</line><totline>41</totline></team>
</game>
<game>
<team tnum="1"><name>New Orleans Saints</name><score>20</score><site>V</site><line>1.5</line><totline>51</totline></team>
<team tnum="2"><name>Atlanta Falcons</name><score>34</score><site>H</site><line>-1.5</line><totline>51</totline></team>
</game>
<game>
<team tnum="1"><name>St Louis Rams</name><score>3</score><site>V</site><line>9.5</line><totline>43.5</totline></team>
<team tnum="2"><name>New York Jets</name><score>47</score><site>H</site><line>-9.5</line><totline>43.5</totline></team>
</game>
<game>
<team tnum="1"><name>Seattle Seahawks</name><score>19</score><site>V</site><line>7.5</line><totline>42</totline></team>
<team tnum="2"><name>Miami Dolphins</name><score>21</score><site>H</site><line>-7.5</line><totline>42</totline></team>
</game>
<game>
<team tnum="1"><name>Green Bay Packers</name><score>27</score><site>V</site><line>2.5</line><totline>44.5</totline></team>
<team tnum="2"><name>Minnesota Vikings</name><score>28</score><site>H</site><line>-2.5</line><totline>44.5</totline></team>
</game>
<game>
<team tnum="1"><name>Carolina Panthers</name><score>17</score><site>V</site><line>-9.5</line><totline>37.5</totline></team>
<team tnum="2"><name>Oakland Raiders</name><score>6</score><site>H</site><line>9.5</line><totline>37.5</totline></team>
</game>
<game>
<team tnum="1"><name>Kansas City Chiefs</name><score>19</score><site>V</site><line>14.5</line><totline>47.5</totline></team>
<team tnum="2"><name>San Diego Chargers</name><score>20</score><site>H</site><line>-14.5</line><totline>47.5</totline></team>
</game>
<game>
<team tnum="1"><name>Indianapolis Colts</name><score>24</score><site>V</site><line>3.5</line><totline>39</totline></team>
<team tnum="2"><name>Pittsburgh Steelers</name><score>20</score><site>H</site><line>-3.5</line><totline>39</totline></team>
</game>
<game>
<team tnum="1"><name>New York Giants</name><score>36</score><site>V</site><line>1.5</line><totline>42.5</totline></team>
<team tnum="2"><name>Philadelphia Eagles</name><score>31</score><site>H</site><line>-1.5</line><totline>42.5</totline></team>
</game>
<game>
<team tnum="1"><name>Baltimore Ravens</name><score>41</score><site>V</site><line>2.5</line><totline>44</totline></team>
<team tnum="2"><name>Houston Texans</name><score>13</score><site>H</site><line>-2.5</line><totline>44</totline></team>
</game>
</date>
<date day="2008-11-10">
<game>
<team tnum="1"><name>San Francisco 49ers</name><score>24</score><site>V</site><line>9.5</line><totline>47.5</totline></team>
<team tnum="2"><name>Arizona Cardinals</name><score>29</score><site>H</site><line>-9.5</line><totline>47.5</totline></team>
</game>
</date>
<date day="2008-11-13">
<game>
<team tnum="1"><name>New York Jets</name><score>34</score><site>V</site><line>3.5</line><totline>42.5</totline></team>
<team tnum="2"><name>New England Patriots</name><score>31</score><site>H</site><line>-3.5</line><totline>42.5</totline></team>
</game>
</date>
<date day="2008-11-16">
<game>
<team tnum="1"><name>Denver Broncos</name><score>24</score><site>V</site><line>6.5</line><totline>52</totline></team>
<team tnum="2"><name>Atlanta Falcons</name><score>20</score><site>H</site><line>-6.5</line><totline>52</totline></team>
</game>
<game>
<team tnum="1"><name>Oakland Raiders</name><score>15</score><site>V</site><line>10</line><totline>37.5</totline></team>
<team tnum="2"><name>Miami Dolphins</name><score>17</score><site>H</site><line>-10</line><totline>37.5</totline></team>
</game>
<game>
<team tnum="1"><name>Baltimore Ravens</name><score>10</score><site>V</site><line>7</line><totline>40</totline></team>
<team tnum="2"><name>New York Giants</name><score>30</score><site>H</site><line>-7</line><totline>40</totline></team>
</game>
<game>
<team tnum="1"><name>Houston Texans</name><score>27</score><site>V</site><line>8</line><totline>50.5</totline></team>
<team tnum="2"><name>Indianapolis Colts</name><score>33</score><site>H</site><line>-8</line><totline>50.5</totline></team>
</game>
<game>
<team tnum="1"><name>Tennessee Titans</name><score>24</score><site>V</site><line>-3</line><totline>40</totline></team>
<team tnum="2"><name>Jacksonville Jaguars</name><score>14</score><site>H</site><line>3</line><totline>40</totline></team>
</game>
<game>
<team tnum="1"><name>Chicago Bears</name><score>3</score><site>V</site><line>3.5</line><totline>43</totline></team>
<team tnum="2"><name>Green Bay Packers</name><score>37</score><site>H</site><line>-3.5</line><totline>43</totline></team>
</game>
<game>
<team tnum="1"><name>Philadelphia Eagles</name><score>13</score><site>V</site><line>-9</line><totline>41</totline></team>
<team tnum="2"><name>Cincinnati Bengals</name><score>13</score><site>H</site><line>9</line><totline>41</totline></team>
</game>
<game>
<team tnum="1"><name>New Orleans Saints</name><score>30</score><site>V</site><line>-6</line><totline>51</totline></team>
<team tnum="2"><name>Kansas City Chiefs</name><score>20</score><site>H</site><line>6</line><totline>51</totline></team>
</game>
<game>
<team tnum="1"><name>Detroit Lions</name><score>22</score><site>V</site><line>14</line><totline>40.5</totline></team>
<team tnum="2"><name>Carolina Panthers</name><score>31</score><site>H</site><line>-14</line><totline>40.5</totline></team>
</game>
<game>
<team tnum="1"><name>Minnesota Vikings</name><score>13</score><site>V</site><line>5.5</line><totline>38.5</totline></team>
<team tnum="2"><name>Tampa Bay Buccaneers</name><score>19</score><site>H</site><line>-5.5</line><totline>38.5</totline></team>
</game>
<game>
<team tnum="1"><name>St Louis Rams</name><score>16</score><site>V</site><line>7</line><totline>43.5</totline></team>
<team tnum="2"><name>San Francisco 49ers</name><score>35</score><site>H</site><line>-7</line><totline>43.5</totline></team>
</game>
<game>
<team tnum="1"><name>Arizona Cardinals</name><score>26</score><site>V</site><line>-3</line><totline>48</totline></team>
<team tnum="2"><name>Seattle Seahawks</name><score>20</score><site>H</site><line>3</line><totline>48</totline></team>
</game>
<game>
<team tnum="1"><name>San Diego Chargers</name><score>10</score><site>V</site><line>4.5</line><totline>40.5</totline></team>
<team tnum="2"><name>Pittsburgh Steelers</name><score>11</score><site>H</site><line>-4.5</line><totline>40.5</totline></team>
</game>
<game>
<team tnum="1"><name>Dallas Cowboys</name><score>14</score><site>V</site><line>-2</line><totline>43</totline></team>
<team tnum="2"><name>Washington Redskins</name><score>10</score><site>H</site><line>2</line><totline>43</totline></team>
</game>
</date>
<date day="2008-11-17">
<game>
<team tnum="1"><name>Cleveland Browns</name><score>29</score><site>V</site><line>5</line><totline>40</totline></team>
<team tnum="2"><name>Buffalo Bills</name><score>27</score><site>H</site><line>-5</line><totline>40</totline></team>
</game>
</date>
<date day="2008-11-20">
<game>
<team tnum="1"><name>Cincinnati Bengals</name><score>10</score><site>V</site><line>11.5</line><totline>34.5</totline></team>
<team tnum="2"><name>Pittsburgh Steelers</name><score>27</score><site>H</site><line>-11.5</line><totline>34.5</totline></team>
</game>
</date>
<date day="2008-11-23">
<game>
<team tnum="1"><name>Houston Texans</name><score>16</score><site>V</site><line>3</line><totline>49.5</totline></team>
<team tnum="2"><name>Cleveland Browns</name><score>6</score><site>H</site><line>-3</line><totline>49.5</totline></team>
</game>
<game>
<team tnum="1"><name>Buffalo Bills</name><score>54</score><site>V</site><line>-3</line><totline>43.5</totline></team>
<team tnum="2"><name>Kansas City Chiefs</name><score>31</score><site>H</site><line>3</line><totline>43.5</totline></team>
</game>
<game>
<team tnum="1"><name>New York Jets</name><score>34</score><site>V</site><line>5.5</line><totline>41</totline></team>
<team tnum="2"><name>Tennessee Titans</name><score>13</score><site>H</site><line>-5.5</line><totline>41</totline></team>
</game>
<game>
<team tnum="1"><name>New England Patriots</name><score>48</score><site>V</site><line>-2</line><totline>42.5</totline></team>
<team tnum="2"><name>Miami Dolphins</name><score>28</score><site>H</site><line>2</line><totline>42.5</totline></team>
</game>
<game>
<team tnum="1"><name>San Francisco 49ers</name><score>22</score><site>V</site><line>9.5</line><totline>45.5</totline></team>
<team tnum="2"><name>Dallas Cowboys</name><score>35</score><site>H</site><line>-9.5</line><totline>45.5</totline></team>
</game>
<game>
<team tnum="1"><name>Tampa Bay Buccaneers</name><score>38</score><site>V</site><line>-8</line><totline>42.5</totline></team>
<team tnum="2"><name>Detroit Lions</name><score>20</score><site>H</site><line>8</line><totline>42.5</totline></team>
</game>
<game>
<team tnum="1"><name>Philadelphia Eagles</name><score>7</score><site>V</site><line>2</line><totline>39.5</totline></team>
<team tnum="2"><name>Baltimore Ravens</name><score>36</score><site>H</site><line>-2</line><totline>39.5</totline></team>
</game>
<game>
<team tnum="1"><name>Chicago Bears</name><score>27</score><site>V</site><line>-7</line><totline>44.5</totline></team>
<team tnum="2"><name>St Louis Rams</name><score>3</score><site>H</site><line>7</line><totline>44.5</totline></team>
</game>
<game>
<team tnum="1"><name>Minnesota Vikings</name><score>30</score><site>V</site><line>2.5</line><totline>41.5</totline></team>
<team tnum="2"><name>Jacksonville Jaguars</name><score>12</score><site>H</site><line>-2.5</line><totline>41.5</totline></team>
</game>
<game>
<team tnum="1"><name>Carolina Panthers</name><score>28</score><site>V</site><line>1</line><totline>41.5</totline></team>
<team tnum="2"><name>Atlanta Falcons</name><score>45</score><site>H</site><line>-1</line><totline>41.5</totline></team>
</game>
<game>
<team tnum="1"><name>Oakland Raiders</name><score>31</score><site>V</site><line>9</line><totline>43.5</totline></team>
<team tnum="2"><name>Denver Broncos</name><score>10</score><site>H</site><line>-9</line><totline>43.5</totline></team>
</game>
<game>
<team tnum="1"><name>Washington Redskins</name><score>20</score><site>V</site><line>-3</line><totline>40</totline></team>
<team tnum="2"><name>Seattle Seahawks</name><score>17</score><site>H</site><line>3</line><totline>40</totline></team>
</game>
<game>
<team tnum="1"><name>New York Giants</name><score>37</score><site>V</site><line>-3</line><totline>48.5</totline></team>
<team tnum="2"><name>Arizona Cardinals</name><score>29</score><site>H</site><line>3</line><totline>48.5</totline></team>
</game>
<game>
<team tnum="1"><name>Indianapolis Colts</name><score>23</score><site>V</site><line>3</line><totline>49</totline></team>
<team tnum="2"><name>San Diego Chargers</name><score>20</score><site>H</site><line>-3</line><totline>49</totline></team>
</game>
</date>
<date day="2008-11-24">
<game>
<team tnum="1"><name>Green Bay Packers</name><score>29</score><site>V</site><line>1</line><totline>52</totline></team>
<team tnum="2"><name>New Orleans Saints</name><score>51</score><site>H</site><line>-1</line><totline>52</totline></team>
</game>
</date>
<date day="2008-11-27">
<game>
<team tnum="1"><name>Tennessee Titans</name><score>47</score><site>V</site><line>-11</line><totline>44</totline></team>
<team tnum="2"><name>Detroit Lions</name><score>10</score><site>H</site><line>11</line><totline>44</totline></team>
</game>
<game>
<team tnum="1"><name>Seattle Seahawks</name><score>9</score><site>V</site><line>12</line><totline>46.5</totline></team>
<team tnum="2"><name>Dallas Cowboys</name><score>34</score><site>H</site><line>-12</line><totline>46.5</totline></team>
</game>
<game>
<team tnum="1"><name>Arizona Cardinals</name><score>20</score><site>V</site><line>3</line><totline>49</totline></team>
<team tnum="2"><name>Philadelphia Eagles</name><score>48</score><site>H</site><line>-3</line><totline>49</totline></team>
</game>
</date>
<date day="2008-11-30">
<game>
<team tnum="1"><name>Denver Broncos</name><score>34</score><site>V</site><line>8</line><totline>48</totline></team>
<team tnum="2"><name>New York Jets</name><score>17</score><site>H</site><line>-8</line><totline>48</totline></team>
</game>
<game>
<team tnum="1"><name>San Francisco 49ers</name><score>10</score><site>V</site><line>6.5</line><totline>43</totline></team>
<team tnum="2"><name>Buffalo Bills</name><score>3</score><site>H</site><line>-6.5</line><totline>43</totline></team>
</game>
<game>
<team tnum="1"><name>New Orleans Saints</name><score>20</score><site>V</site><line>3.5</line><totline>43.5</totline></team>
<team tnum="2"><name>Tampa Bay Buccaneers</name><score>23</score><site>H</site><line>-3.5</line><totline>43.5</totline></team>
</game>
<game>
<team tnum="1"><name>Carolina Panthers</name><score>35</score><site>V</site><line>3</line><totline>41.5</totline></team>
<team tnum="2"><name>Green Bay Packers</name><score>31</score><site>H</site><line>-3</line><totline>41.5</totline></team>
</game>
<game>
<team tnum="1"><name>New York Giants</name><score>23</score><site>V</site><line>-4</line><totline>41</totline></team>
<team tnum="2"><name>Washington Redskins</name><score>7</score><site>H</site><line>4</line><totline>41</totline></team>
</game>
<game>
<team tnum="1"><name>Miami Dolphins</name><score>16</score><site>V</site><line>-7</line><totline>44.5</totline></team>
<team tnum="2"><name>St Louis Rams</name><score>12</score><site>H</site><line>7</line><totline>44.5</totline></team>
</game>
<game>
<team tnum="1"><name>Baltimore Ravens</name><score>34</score><site>V</site><line>-7</line><totline>36</totline></team>
<team tnum="2"><name>Cincinnati Bengals</name><score>3</score><site>H</site><line>7</line><totline>36</totline></team>
</game>
<game>
<team tnum="1"><name>Indianapolis Colts</name><score>10</score><site>V</site><line>-4</line><totline>44</totline></team>
<team tnum="2"><name>Cleveland Browns</name><score>6</score><site>H</site><line>4</line><totline>44</totline></team>
</game>
<game>
<team tnum="1"><name>Atlanta Falcons</name><score>22</score><site>V</site><line>6.5</line><totline>48</totline></team>
<team tnum="2"><name>San Diego Chargers</name><score>16</score><site>H</site><line>-6.5</line><totline>48</totline></team>
</game>
<game>
<team tnum="1"><name>Pittsburgh Steelers</name><score>33</score><site>V</site><line>2.5</line><totline>40</totline></team>
<team tnum="2"><name>New England Patriots</name><score>10</score><site>H</site><line>-2.5</line><totline>40</totline></team>
</game>
<game>
<team tnum="1"><name>Kansas City Chiefs</name><score>20</score><site>V</site><line>3.5</line><totline>41.5</totline></team>
<team tnum="2"><name>Oakland Raiders</name><score>13</score><site>H</site><line>-3.5</line><totline>41.5</totline></team>
</game>
<game>
<team tnum="1"><name>Chicago Bears</name><score>14</score><site>V</site><line>5</line><totline>42.5</totline></team>
<team tnum="2"><name>Minnesota Vikings</name><score>34</score><site>H</site><line>-5</line><totline>42.5</totline></team>
</game>
</date>
<date day="2008-12-01">
<game>
<team tnum="1"><name>Jacksonville Jaguars</name><score>17</score><site>V</site><line>3</line><totline>48.5</totline></team>
<team tnum="2"><name>Houston Texans</name><score>30</score><site>H</site><line>-3</line><totline>48.5</totline></team>
</game>
</date>
<date day="2008-12-04">
<game>
<team tnum="1"><name>Oakland Raiders</name><score>7</score><site>V</site><line>9</line><totline>41</totline></team>
<team tnum="2"><name>San Diego Chargers</name><score>34</score><site>H</site><line>-9</line><totline>41</totline></team>
</game>
</date>
<date day="2008-12-07">
<game>
<team tnum="1"><name>Cincinnati Bengals</name><score>3</score><site>V</site><line>13.5</line><totline>41.5</totline></team>
<team tnum="2"><name>Indianapolis Colts</name><score>35</score><site>H</site><line>-13.5</line><totline>41.5</totline></team>
</game>
<game>
<team tnum="1"><name>Jacksonville Jaguars</name><score>10</score><site>V</site><line>6.5</line><totline>40</totline></team>
<team tnum="2"><name>Chicago Bears</name><score>23</score><site>H</site><line>-6.5</line><totline>40</totline></team>
</game>
<game>
<team tnum="1"><name>Houston Texans</name><score>24</score><site>V</site><line>7</line><totline>47.5</totline></team>
<team tnum="2"><name>Green Bay Packers</name><score>21</score><site>H</site><line>-7</line><totline>47.5</totline></team>
</game>
<game>
<team tnum="1"><name>Cleveland Browns</name><score>9</score><site>V</site><line>13.5</line><totline>36.5</totline></team>
<team tnum="2"><name>Tennessee Titans</name><score>28</score><site>H</site><line>-13.5</line><totline>36.5</totline></team>
</game>
<game>
<team tnum="1"><name>Minnesota Vikings</name><score>20</score><site>V</site><line>-10.5</line><totline>45.5</totline></team>
<team tnum="2"><name>Detroit Lions</name><score>16</score><site>H</site><line>10.5</line><totline>45.5</totline></team>
</game>
<game>
<team tnum="1"><name>Washington Redskins</name><score>10</score><site>V</site><line>6.5</line><totline>35</totline></team>
<team tnum="2"><name>Baltimore Ravens</name><score>24</score><site>H</site><line>-6.5</line><totline>35</totline></team>
</game>
<game>
<team tnum="1"><name>Philadelphia Eagles</name><score>20</score><site>V</site><line>7</line><totline>40.5</totline></team>
<team tnum="2"><name>New York Giants</name><score>14</score><site>H</site><line>-7</line><totline>40.5</totline></team>
</game>
<game>
<team tnum="1"><name>Atlanta Falcons</name><score>25</score><site>V</site><line>3</line><totline>51.5</totline></team>
<team tnum="2"><name>New Orleans Saints</name><score>29</score><site>H</site><line>-3</line><totline>51.5</totline></team>
</game>
<game>
<team tnum="1"><name>New York Jets</name><score>14</score><site>V</site><line>-5</line><totline>45.5</totline></team>
<team tnum="2"><name>San Francisco 49ers</name><score>24</score><site>H</site><line>5</line><totline>45.5</totline></team>
</game>
<game info="@ Toronto"> 
<team tnum="1"><name>Miami Dolphins</name><score>16</score><site>V</site><line>2</line><totline>42.5</totline></team>
<team tnum="2"><name>Buffalo Bills</name><score>3</score><site>H</site><line>-2</line><totline>42.5</totline></team>
</game>
<game>
<team tnum="1"><name>Kansas City Chiefs</name><score>17</score><site>V</site><line>9</line><totline>49</totline></team>
<team tnum="2"><name>Denver Broncos</name><score>24</score><site>H</site><line>-9</line><totline>49</totline></team>
</game>
<game>
<team tnum="1"><name>St Louis Rams</name><score>10</score><site>V</site><line>14.5</line><totline>48.5</totline></team>
<team tnum="2"><name>Arizona Cardinals</name><score>34</score><site>H</site><line>-14.5</line><totline>48.5</totline></team>
</game>
<game>
<team tnum="1"><name>Dallas Cowboys</name><score>13</score><site>V</site><line>4</line><totline>38.5</totline></team>
<team tnum="2"><name>Pittsburgh Steelers</name><score>20</score><site>H</site><line>-4</line><totline>38.5</totline></team>
</game>
<game>
<team tnum="1"><name>New England Patriots</name><score>24</score><site>V</site><line>-7.5</line><totline>43</totline></team>
<team tnum="2"><name>Seattle Seahawks</name><score>21</score><site>H</site><line>7.5</line><totline>43</totline></team>
</game>
</date>
<date day="2008-12-08">
<game>
<team tnum="1"><name>Tampa Bay Buccaneers</name><score>23</score><site>V</site><line>3</line><totline>38.5</totline></team>
<team tnum="2"><name>Carolina Panthers</name><score>38</score><site>H</site><line>-3</line><totline>38.5</totline></team>
</game>
</date>
<date day="2008-12-11">
<game>
<team tnum="1"><name>New Orleans Saints</name><score>24</score><site>V</site><line>3</line><totline>46</totline></team>
<team tnum="2"><name>Chicago Bears</name><score>27</score><site>H</site><line>-3</line><totline>46</totline></team>
</game>
</date>
<date day="2008-12-14">
<game>
<team tnum="1"><name>Green Bay Packers</name><score>16</score><site>V</site><line>-2.5</line><totline>46</totline></team>
<team tnum="2"><name>Jacksonville Jaguars</name><score>20</score><site>H</site><line>2.5</line><totline>46</totline></team>
</game>
<game>
<team tnum="1"><name>Detroit Lions</name><score>21</score><site>V</site><line>17</line><totline>45</totline></team>
<team tnum="2"><name>Indianapolis Colts</name><score>31</score><site>H</site><line>-17</line><totline>45</totline></team>
</game>
<game>
<team tnum="1"><name>Washington Redskins</name><score>13</score><site>V</site><line>-6.5</line><totline>36.5</totline></team>
<team tnum="2"><name>Cincinnati Bengals</name><score>20</score><site>H</site><line>6.5</line><totline>36.5</totline></team>
</game>
<game>
<team tnum="1"><name>Tampa Bay Buccaneers</name><score>10</score><site>V</site><line>4.5</line><totline>43.5</totline></team>
<team tnum="2"><name>Atlanta Falcons</name><score>13</score><site>H</site><line>-4.5</line><totline>43.5</totline></team>
</game>
<game>
<team tnum="1"><name>San Francisco 49ers</name><score>9</score><site>V</site><line>5.5</line><totline>41</totline></team>
<team tnum="2"><name>Miami Dolphins</name><score>14</score><site>H</site><line>-5.5</line><totline>41</totline></team>
</game>
<game>
<team tnum="1"><name>Seattle Seahawks</name><score>23</score><site>V</site><line>-2.5</line><totline>42</totline></team>
<team tnum="2"><name>St Louis Rams</name><score>20</score><site>H</site><line>2.5</line><totline>42</totline></team>
</game>
<game>
<team tnum="1"><name>Buffalo Bills</name><score>27</score><site>V</site><line>8</line><totline>41</totline></team>
<team tnum="2"><name>New York Jets</name><score>31</score><site>H</site><line>-8</line><totline>41</totline></team>
</game>
<game>
<team tnum="1"><name>Tennessee Titans</name><score>12</score><site>V</site><line>-3</line><totline>45</totline></team>
<team tnum="2"><name>Houston Texans</name><score>13</score><site>H</site><line>3</line><totline>45</totline></team>
</game>
<game>
<team tnum="1"><name>Pittsburgh Steelers</name><score>13</score><site>V</site><line>3</line><totline>34</totline></team>
<team tnum="2"><name>Baltimore Ravens</name><score>9</score><site>H</site><line>-3</line><totline>34</totline></team>
</game>
<game>
<team tnum="1"><name>Denver Broncos</name><score>10</score><site>V</site><line>7.5</line><totline>48</totline></team>
<team tnum="2"><name>Carolina Panthers</name><score>30</score><site>H</site><line>-7.5</line><totline>48</totline></team>
</game>
<game>
<team tnum="1"><name>San Diego Chargers</name><score>22</score><site>V</site><line>-5.5</line><totline>41</totline></team>
<team tnum="2"><name>Kansas City Chiefs</name><score>21</score><site>H</site><line>5.5</line><totline>41</totline></team>
</game>
<game>
<team tnum="1"><name>Minnesota Vikings</name><score>35</score><site>V</site><line>3.5</line><totline>46.5</totline></team>
<team tnum="2"><name>Arizona Cardinals</name><score>14</score><site>H</site><line>-3.5</line><totline>46.5</totline></team>
</game>
<game>
<team tnum="1"><name>New England Patriots</name><score>49</score><site>V</site><line>-7</line><totline>39.5</totline></team>
<team tnum="2"><name>Oakland Raiders</name><score>26</score><site>H</site><line>7</line><totline>39.5</totline></team>
</game>
<game>
<team tnum="1"><name>New York Giants</name><score>8</score><site>V</site><line>3</line><totline>46</totline></team>
<team tnum="2"><name>Dallas Cowboys</name><score>20</score><site>H</site><line>-3</line><totline>46</totline></team>
</game>
</date>
<date day="2008-12-15">
<game>
<team tnum="1"><name>Cleveland Browns</name><score>10</score><site>V</site><line>16</line><totline>40</totline></team>
<team tnum="2"><name>Philadelphia Eagles</name><score>30</score><site>H</site><line>-16</line><totline>40</totline></team>
</game>
</date>
<date day="2008-12-18">
<game>
<team tnum="1"><name>Indianapolis Colts</name><score>31</score><site>V</site><line>-6</line><totline>44</totline></team>
<team tnum="2"><name>Jacksonville Jaguars</name><score>24</score><site>H</site><line>6</line><totline>44</totline></team>
</game>
</date>
<date day="2008-12-20">
<game>
<team tnum="1"><name>Baltimore Ravens</name><score>33</score><site>V</site><line>5.5</line><totline>39</totline></team>
<team tnum="2"><name>Dallas Cowboys</name><score>24</score><site>H</site><line>-5.5</line><totline>39</totline></team>
</game>
</date>
<date day="2008-12-21">
<game>
<team tnum="1"><name>Pittsburgh Steelers</name><score>14</score><site>V</site><line>-3</line><totline>34</totline></team>
<team tnum="2"><name>Tennessee Titans</name><score>31</score><site>H</site><line>3</line><totline>34</totline></team>
</game>
<game>
<team tnum="1"><name>Miami Dolphins</name><score>38</score><site>V</site><line>-3.5</line><totline>37.5</totline></team>
<team tnum="2"><name>Kansas City Chiefs</name><score>31</score><site>H</site><line>3.5</line><totline>37.5</totline></team>
</game>
<game>
<team tnum="1"><name>Arizona Cardinals</name><score>7</score><site>V</site><line>8</line><totline>41</totline></team>
<team tnum="2"><name>New England Patriots</name><score>47</score><site>H</site><line>-8</line><totline>41</totline></team>
</game>
<game>
<team tnum="1"><name>Cincinnati Bengals</name><score>14</score><site>V</site><line>2</line><totline>31.5</totline></team>
<team tnum="2"><name>Cleveland Browns</name><score>0</score><site>H</site><line>-2</line><totline>31.5</totline></team>
</game>
<game>
<team tnum="1"><name>Philadelphia Eagles</name><score>3</score><site>V</site><line>-6</line><totline>37.5</totline></team>
<team tnum="2"><name>Washington Redskins</name><score>10</score><site>H</site><line>6</line><totline>37.5</totline></team>
</game>
<game>
<team tnum="1"><name>San Francisco 49ers</name><score>17</score><site>V</site><line>-3.5</line><totline>42</totline></team>
<team tnum="2"><name>St Louis Rams</name><score>16</score><site>H</site><line>3.5</line><totline>42</totline></team>
</game>
<game>
<team tnum="1"><name>Atlanta Falcons</name><score>24</score><site>V</site><line>3</line><totline>43.5</totline></team>
<team tnum="2"><name>Minnesota Vikings</name><score>17</score><site>H</site><line>-3</line><totline>43.5</totline></team>
</game>
<game>
<team tnum="1"><name>New Orleans Saints</name><score>42</score><site>V</site><line>-7</line><totline>50.5</totline></team>
<team tnum="2"><name>Detroit Lions</name><score>7</score><site>H</site><line>7</line><totline>50.5</totline></team>
</game>
<game>
<team tnum="1"><name>Carolina Panthers</name><score>28</score><site>V</site><line>4</line><totline>38</totline></team>
<team tnum="2"><name>New York Giants</name><score>34</score><site>H</site><line>-4</line><totline>38</totline></team>
</game>
<game>
<team tnum="1"><name>New York Jets</name><score>3</score><site>V</site><line>-3.5</line><totline>41</totline></team>
<team tnum="2"><name>Seattle Seahawks</name><score>13</score><site>H</site><line>3.5</line><totline>41</totline></team>
</game>
<game>
<team tnum="1"><name>Houston Texans</name><score>16</score><site>V</site><line>-7</line><totline>43</totline></team>
<team tnum="2"><name>Oakland Raiders</name><score>27</score><site>H</site><line>7</line><totline>43</totline></team>
</game>
<game>
<team tnum="1"><name>Buffalo Bills</name><score>30</score><site>V</site><line>6.5</line><totline>46.5</totline></team>
<team tnum="2"><name>Denver Broncos</name><score>23</score><site>H</site><line>-6.5</line><totline>46.5</totline></team>
</game>
<game>
<team tnum="1"><name>San Diego Chargers</name><score>41</score><site>V</site><line>4.5</line><totline>42.5</totline></team>
<team tnum="2"><name>Tampa Bay Buccaneers</name><score>24</score><site>H</site><line>-4.5</line><totline>42.5</totline></team>
</game>
</date>
<date day="2008-12-22">
<game>
<team tnum="1"><name>Green Bay Packers</name><score>17</score><site>V</site><line>4</line><totline>40</totline></team>
<team tnum="2"><name>Chicago Bears</name><score>20</score><site>H</site><line>-4</line><totline>40</totline></team>
</game>
</date>
<date day="2008-12-28">
<game>
<team tnum="1"><name>Oakland Raiders</name><score>31</score><site>V</site><line>10.5</line><totline>39.5</totline></team>
<team tnum="2"><name>Tampa Bay Buccaneers</name><score>24</score><site>H</site><line>-10.5</line><totline>39.5</totline></team>
</game>
<game>
<team tnum="1"><name>Detroit Lions</name><score>21</score><site>V</site><line>11</line><totline>41.5</totline></team>
<team tnum="2"><name>Green Bay Packers</name><score>31</score><site>H</site><line>-11</line><totline>41.5</totline></team>
</game>
<game>
<team tnum="1"><name>Dallas Cowboys</name><score>6</score><site>V</site><line>2</line><totline>40.5</totline></team>
<team tnum="2"><name>Philadelphia Eagles</name><score>44</score><site>H</site><line>-2</line><totline>40.5</totline></team>
</game>
<game>
<team tnum="1"><name>New York Giants</name><score>19</score><site>V</site><line>7</line><totline>41</totline></team>
<team tnum="2"><name>Minnesota Vikings</name><score>20</score><site>H</site><line>-7</line><totline>41</totline></team>
</game>
<game>
<team tnum="1"><name>Chicago Bears</name><score>24</score><site>V</site><line>3</line><totline>46</totline></team>
<team tnum="2"><name>Houston Texans</name><score>31</score><site>H</site><line>-3</line><totline>46</totline></team>
</game>
<game>
<team tnum="1"><name>Carolina Panthers</name><score>33</score><site>V</site><line>-1.5</line><totline>51.5</totline></team>
<team tnum="2"><name>New Orleans Saints</name><score>31</score><site>H</site><line>1.5</line><totline>51.5</totline></team>
</game>
<game>
<team tnum="1"><name>St Louis Rams</name><score>27</score><site>V</site><line>14</line><totline>44.5</totline></team>
<team tnum="2"><name>Atlanta Falcons</name><score>31</score><site>H</site><line>-14</line><totline>44.5</totline></team>
</game>
<game>
<team tnum="1"><name>Kansas City Chiefs</name><score>6</score><site>V</site><line>1.5</line><totline>40</totline></team>
<team tnum="2"><name>Cincinnati Bengals</name><score>16</score><site>H</site><line>-1.5</line><totline>40</totline></team>
</game>
<game>
<team tnum="1"><name>Jacksonville Jaguars</name><score>7</score><site>V</site><line>10.5</line><totline>37.5</totline></team>
<team tnum="2"><name>Baltimore Ravens</name><score>27</score><site>H</site><line>-10.5</line><totline>37.5</totline></team>
</game>
<game>
<team tnum="1"><name>Tennessee Titans</name><score>0</score><site>V</site><line>-3</line><totline>39.5</totline></team>
<team tnum="2"><name>Indianapolis Colts</name><score>23</score><site>H</site><line>3</line><totline>39.5</totline></team>
</game>
<game>
<team tnum="1"><name>Cleveland Browns</name><score>0</score><site>V</site><line>11.5</line><totline>33</totline></team>
<team tnum="2"><name>Pittsburgh Steelers</name><score>31</score><site>H</site><line>-11.5</line><totline>33</totline></team>
</game>
<game>
<team tnum="1"><name>Miami Dolphins</name><score>24</score><site>V</site><line>2.5</line><totline>43</totline></team>
<team tnum="2"><name>New York Jets</name><score>17</score><site>H</site><line>-2.5</line><totline>43</totline></team>
</game>
<game>
<team tnum="1"><name>New England Patriots</name><score>13</score><site>V</site><line>-5.5</line><totline>34.5</totline></team>
<team tnum="2"><name>Buffalo Bills</name><score>0</score><site>H</site><line>5.5</line><totline>34.5</totline></team>
</game>
<game>
<team tnum="1"><name>Seattle Seahawks</name><score>21</score><site>V</site><line>7</line><totline>47</totline></team>
<team tnum="2"><name>Arizona Cardinals</name><score>34</score><site>H</site><line>-7</line><totline>47</totline></team>
</game>
<game>
<team tnum="1"><name>Washington Redskins</name><score>24</score><site>V</site><line>3</line><totline>37</totline></team>
<team tnum="2"><name>San Francisco 49ers</name><score>27</score><site>H</site><line>-3</line><totline>37</totline></team>
</game>
<game>
<team tnum="1"><name>Denver Broncos</name><score>21</score><site>V</site><line>7</line><totline>50.5</totline></team>
<team tnum="2"><name>San Diego Chargers</name><score>52</score><site>H</site><line>-7</line><totline>50.5</totline></team>
</game>
</date>
</scores>
