Date,Visitor,Visitor Score,Home Team,Home Score,Line,Total Line
09/04/2003,New York Jets,13,Washington Redskins,16,3,40
09/07/2003,St Louis Rams,13,New York Giants,23,-1,46.5
09/07/2003,New England Patriots,0,Buffalo Bills,31,1,44.5
09/07/2003,Baltimore Ravens,15,Pittsburgh Steelers,34,4,38.5
09/07/2003,Jacksonville Jaguars,23,Carolina Panthers,24,4,34.5
09/07/2003,Houston Texans,21,Miami Dolphins,20,14,34.5
09/07/2003,Indianapolis Colts,9,Cleveland Browns,6,-2,48
09/07/2003,Denver Broncos,30,Cincinnati Bengals,10,-6,43.5
09/07/2003,Arizona Cardinals,24,Detroit Lions,42,3.5,39
09/07/2003,Minnesota Vikings,30,Green Bay Packers,25,4,47
09/07/2003,San Diego Chargers,14,Kansas City Chiefs,27,4.5,47
09/07/2003,Atlanta Falcons,27,Dallas Cowboys,13,2,36.5
09/07/2003,New Orleans Saints,10,Seattle Seahawks,27,3,48.5
09/07/2003,Chicago Bears,7,San Francisco 49ers,49,6.5,40.5
09/07/2003,Oakland Raiders,20,Tennessee Titans,25,3.5,46
09/08/2003,Tampa Bay Buccaneers,17,Philadelphia Eagles,0,3,36
09/14/2003,Miami Dolphins,21,New York Jets,10,-3,37
09/14/2003,Cleveland Browns,13,Baltimore Ravens,33,2.5,39
09/14/2003,Tennessee Titans,7,Indianapolis Colts,33,2.5,44
09/14/2003,Detroit Lions,6,Green Bay Packers,31,7,45.5
09/14/2003,Washington Redskins,33,Atlanta Falcons,31,3,39.5
09/14/2003,Buffalo Bills,38,Jacksonville Jaguars,17,-3,42
09/14/2003,Houston Texans,10,New Orleans Saints,31,8,40.5
09/14/2003,San Francisco 49ers,24,St Louis Rams,27,3,47.5
09/14/2003,Pittsburgh Steelers,20,Kansas City Chiefs,41,3.5,48
09/14/2003,Carolina Panthers,12,Tampa Bay Buccaneers,9,9,34.5
09/14/2003,Seattle Seahawks,38,Arizona Cardinals,0,-5,44.5
09/14/2003,New England Patriots,31,Philadelphia Eagles,10,4,38
09/14/2003,Denver Broncos,37,San Diego Chargers,13,-3,43
09/14/2003,Cincinnati Bengals,20,Oakland Raiders,23,12,45
09/14/2003,Chicago Bears,13,Minnesota Vikings,24,9,44.5
09/15/2003,Dallas Cowboys,35,New York Giants,32,7.5,36.5
09/21/2003,New York Jets,16,New England Patriots,23,6,38
09/21/2003,Pittsburgh Steelers,17,Cincinnati Bengals,10,-4.5,44.5
09/21/2003,Jacksonville Jaguars,13,Indianapolis Colts,23,7.5,42
09/21/2003,Minnesota Vikings,23,Detroit Lions,13,-4,47.5
09/21/2003,New Orleans Saints,12,Tennessee Titans,27,4.5,43.5
09/21/2003,Tampa Bay Buccaneers,31,Atlanta Falcons,10,-6.5,35.5
09/21/2003,Kansas City Chiefs,42,Houston Texans,14,-7.5,44
09/21/2003,New York Giants,24,Washington Redskins,21,1.5,43.5
09/21/2003,Green Bay Packers,13,Arizona Cardinals,20,-7.5,42.5
09/21/2003,St Louis Rams,23,Seattle Seahawks,24,3,47
09/21/2003,Baltimore Ravens,24,San Diego Chargers,10,1.5,38.5
09/21/2003,Cleveland Browns,13,San Francisco 49ers,12,7,44.5
09/21/2003,Buffalo Bills,7,Miami Dolphins,17,3,40.5
09/22/2003,Oakland Raiders,10,Denver Broncos,31,5.5,45
09/28/2003,New England Patriots,17,Washington Redskins,20,3.5,43
09/28/2003,Kansas City Chiefs,17,Baltimore Ravens,10,-3,43.5
09/28/2003,Philadelphia Eagles,23,Buffalo Bills,13,3,39.5
09/28/2003,Tennessee Titans,30,Pittsburgh Steelers,13,3.5,44
09/28/2003,Cincinnati Bengals,21,Cleveland Browns,14,4.5,40
09/28/2003,San Francisco 49ers,7,Minnesota Vikings,35,0,43
09/28/2003,Atlanta Falcons,3,Carolina Panthers,23,6,35.5
09/28/2003,Arizona Cardinals,13,St Louis Rams,37,11.5,45.5
09/28/2003,Jacksonville Jaguars,20,Houston Texans,24,-2.5,37.5
09/28/2003,San Diego Chargers,31,Oakland Raiders,34,7,41.5
09/28/2003,Dallas Cowboys,17,New York Jets,6,3,37
09/28/2003,Detroit Lions,16,Denver Broncos,20,12,44
09/28/2003,Indianapolis Colts,55,New Orleans Saints,21,-1.5,42
09/29/2003,Green Bay Packers,38,Chicago Bears,23,-4,41.5
10/05/2003,Tennessee Titans,30,New England Patriots,38,1,40.5
10/05/2003,Cincinnati Bengals,16,Buffalo Bills,22,7,40
10/05/2003,Miami Dolphins,23,New York Giants,10,1.5,38
10/05/2003,Seattle Seahawks,13,Green Bay Packers,35,1,45
10/05/2003,Oakland Raiders,21,Chicago Bears,24,-3.5,43.5
10/05/2003,New Orleans Saints,13,Carolina Panthers,19,7,37.5
10/05/2003,Minnesota Vikings,39,Atlanta Falcons,26,-4.5,43.5
10/05/2003,Denver Broncos,23,Kansas City Chiefs,24,3.5,46.5
10/05/2003,Arizona Cardinals,7,Dallas Cowboys,24,7.5,39.5
10/05/2003,San Diego Chargers,21,Jacksonville Jaguars,27,3,42.5
10/05/2003,Washington Redskins,25,Philadelphia Eagles,27,4.5,40.5
10/05/2003,Detroit Lions,17,San Francisco 49ers,24,7.5,42.5
10/05/2003,Cleveland Browns,33,Pittsburgh Steelers,13,7,42
10/06/2003,Indianapolis Colts,38,Tampa Bay Buccaneers,35,4.5,37.5
10/12/2003,New York Giants,6,New England Patriots,17,2.5,42.5
10/12/2003,Tampa Bay Buccaneers,35,Washington Redskins,13,-3.5,37
10/12/2003,Oakland Raiders,7,Cleveland Browns,13,3.5,43.5
10/12/2003,Carolina Panthers,23,Indianapolis Colts,20,4,37.5
10/12/2003,Kansas City Chiefs,40,Green Bay Packers,34,2.5,47.5
10/12/2003,Houston Texans,17,Tennessee Titans,38,8.5,39.5
10/12/2003,Miami Dolphins,24,Jacksonville Jaguars,10,-3.5,38
10/12/2003,Chicago Bears,13,New Orleans Saints,20,6.5,43
10/12/2003,Philadelphia Eagles,21,Dallas Cowboys,23,1,37.5
10/12/2003,Buffalo Bills,3,New York Jets,30,-1,36.5
10/12/2003,Pittsburgh Steelers,14,Denver Broncos,17,6.5,45
10/12/2003,Baltimore Ravens,26,Arizona Cardinals,18,-6.5,37
10/12/2003,San Francisco 49ers,19,Seattle Seahawks,20,3.5,44.5
10/13/2003,Atlanta Falcons,0,St Louis Rams,36,10,46
10/19/2003,Washington Redskins,7,Buffalo Bills,24,3,38
10/19/2003,Philadelphia Eagles,14,New York Giants,10,3,37
10/19/2003,Dallas Cowboys,38,Detroit Lions,7,-3,39
10/19/2003,San Diego Chargers,26,Cleveland Browns,20,3.5,41
10/19/2003,Baltimore Ravens,26,Cincinnati Bengals,34,-1,36
10/19/2003,Denver Broncos,20,Minnesota Vikings,28,4,44
10/19/2003,Tennessee Titans,37,Carolina Panthers,17,0,37.5
10/19/2003,New Orleans Saints,45,Atlanta Falcons,17,-3,42
10/19/2003,New England Patriots,19,Miami Dolphins,13,6.5,37
10/19/2003,Green Bay Packers,24,St Louis Rams,34,4,48.5
10/19/2003,New York Jets,19,Houston Texans,14,-3.5,38
10/19/2003,Chicago Bears,17,Seattle Seahawks,24,11,41.5
10/19/2003,Tampa Bay Buccaneers,7,San Francisco 49ers,24,-5,39
10/20/2003,Kansas City Chiefs,17,Oakland Raiders,10,-4.5,47.5
10/26/2003,Cleveland Browns,3,New England Patriots,9,4.5,37.5
10/26/2003,Denver Broncos,6,Baltimore Ravens,26,2.5,36.5
10/26/2003,St Louis Rams,33,Pittsburgh Steelers,21,1,45.5
10/26/2003,Seattle Seahawks,24,Cincinnati Bengals,27,-3,41.5
10/26/2003,Detroit Lions,16,Chicago Bears,24,3,37.5
10/26/2003,New York Giants,29,Minnesota Vikings,17,5.5,44.5
10/26/2003,Tennessee Titans,30,Jacksonville Jaguars,17,-4.5,43.5
10/26/2003,Dallas Cowboys,0,Tampa Bay Buccaneers,16,6,37
10/26/2003,Carolina Panthers,23,New Orleans Saints,20,3,39.5
10/26/2003,San Francisco 49ers,13,Arizona Cardinals,16,-7,41
10/26/2003,New York Jets,17,Philadelphia Eagles,24,3,36
10/26/2003,Houston Texans,21,Indianapolis Colts,30,13,44
10/26/2003,Buffalo Bills,5,Kansas City Chiefs,38,5.5,43.5
10/27/2003,Miami Dolphins,26,San Diego Chargers,10,-6.5,38.5
11/02/2003,New York Giants,31,New York Jets,28,-3.5,40
11/02/2003,Jacksonville Jaguars,17,Baltimore Ravens,24,7,37.5
11/02/2003,Oakland Raiders,13,Detroit Lions,23,-3.5,39.5
11/02/2003,San Diego Chargers,7,Chicago Bears,20,1,39
11/02/2003,Indianapolis Colts,23,Miami Dolphins,17,3,39.5
11/02/2003,New Orleans Saints,17,Tampa Bay Buccaneers,14,8,39
11/02/2003,Washington Redskins,14,Dallas Cowboys,21,6,38.5
11/02/2003,Carolina Panthers,10,Houston Texans,14,-6,37
11/02/2003,Cincinnati Bengals,14,Arizona Cardinals,17,-3,39
11/02/2003,Pittsburgh Steelers,16,Seattle Seahawks,23,5,44
11/02/2003,Philadelphia Eagles,23,Atlanta Falcons,16,-6,39.5
11/02/2003,St Louis Rams,10,San Francisco 49ers,30,-5,44
11/02/2003,Green Bay Packers,30,Minnesota Vikings,27,5.5,49
11/03/2003,New England Patriots,30,Denver Broncos,26,2,36
11/09/2003,Atlanta Falcons,27,New York Giants,7,11.5,41
11/09/2003,Seattle Seahawks,20,Washington Redskins,27,-3,41
11/09/2003,Arizona Cardinals,15,Pittsburgh Steelers,28,7,40.5
11/09/2003,Chicago Bears,10,Detroit Lions,12,0,37.5
11/09/2003,Houston Texans,27,Cincinnati Bengals,34,4,40
11/09/2003,Tampa Bay Buccaneers,24,Carolina Panthers,27,-3.5,34.5
11/09/2003,Miami Dolphins,7,Tennessee Titans,31,5.5,39.5
11/09/2003,Indianapolis Colts,23,Jacksonville Jaguars,28,-6,44
11/09/2003,Cleveland Browns,20,Kansas City Chiefs,41,9,43.5
11/09/2003,Minnesota Vikings,28,San Diego Chargers,42,-5.5,45
11/09/2003,Buffalo Bills,6,Dallas Cowboys,10,4,37
11/09/2003,New York Jets,27,Oakland Raiders,24,-3,38
11/09/2003,Baltimore Ravens,22,St Louis Rams,33,6.5,43
11/10/2003,Philadelphia Eagles,17,Green Bay Packers,14,4.5,43
11/16/2003,Houston Texans,12,Buffalo Bills,10,7,37.5
11/16/2003,New York Giants,10,Philadelphia Eagles,28,3,38
11/16/2003,Arizona Cardinals,6,Cleveland Browns,44,5,37.5
11/16/2003,Kansas City Chiefs,19,Cincinnati Bengals,24,-6,48
11/16/2003,St Louis Rams,23,Chicago Bears,21,-6,41
11/16/2003,Washington Redskins,17,Carolina Panthers,20,6,37
11/16/2003,Jacksonville Jaguars,3,Tennessee Titans,10,9,44.5
11/16/2003,Baltimore Ravens,6,Miami Dolphins,9,5,33
11/16/2003,Atlanta Falcons,20,New Orleans Saints,23,9,44
11/16/2003,New York Jets,31,Indianapolis Colts,38,6,43.5
11/16/2003,San Diego Chargers,8,Denver Broncos,37,8.5,44
11/16/2003,Green Bay Packers,20,Tampa Bay Buccaneers,13,3.5,41
11/16/2003,Detroit Lions,14,Seattle Seahawks,35,11,39.5
11/16/2003,Minnesota Vikings,18,Oakland Raiders,28,-4.5,46
11/16/2003,Dallas Cowboys,0,New England Patriots,12,4,35
11/17/2003,Pittsburgh Steelers,14,San Francisco 49ers,30,4,41.5
11/23/2003,Indianapolis Colts,17,Buffalo Bills,14,-3,38.5
11/23/2003,Jacksonville Jaguars,10,New York Jets,13,4,43
11/23/2003,Seattle Seahawks,41,Baltimore Ravens,44,3,36
11/23/2003,New Orleans Saints,20,Philadelphia Eagles,33,5.5,39.5
11/23/2003,Pittsburgh Steelers,13,Cleveland Browns,6,3,40.5
11/23/2003,San Francisco 49ers,10,Green Bay Packers,20,3.5,40
11/23/2003,Detroit Lions,14,Minnesota Vikings,24,10.5,47.5
11/23/2003,Carolina Panthers,20,Dallas Cowboys,24,3,33
11/23/2003,New England Patriots,23,Houston Texans,20,-5,37
11/23/2003,Chicago Bears,19,Denver Broncos,10,10.5,38.5
11/23/2003,St Louis Rams,30,Arizona Cardinals,27,-7,44
11/23/2003,Tennessee Titans,38,Atlanta Falcons,31,-6.5,44
11/23/2003,Oakland Raiders,24,Kansas City Chiefs,27,11,44.5
11/23/2003,Cincinnati Bengals,34,San Diego Chargers,27,-3,43
11/23/2003,Washington Redskins,23,Miami Dolphins,24,7,35
11/24/2003,New York Giants,13,Tampa Bay Buccaneers,19,6,38
11/27/2003,Green Bay Packers,14,Detroit Lions,22,-6.5,44
11/27/2003,Miami Dolphins,40,Dallas Cowboys,21,3,34.5
11/30/2003,Buffalo Bills,24,New York Giants,7,3,35.5
11/30/2003,San Francisco 49ers,6,Baltimore Ravens,44,3,37
11/30/2003,Cincinnati Bengals,24,Pittsburgh Steelers,20,3,42
11/30/2003,New England Patriots,38,Indianapolis Colts,34,3.5,43.5
11/30/2003,Arizona Cardinals,3,Chicago Bears,28,4.5,36
11/30/2003,Philadelphia Eagles,25,Carolina Panthers,16,1.5,37
11/30/2003,Minnesota Vikings,17,St Louis Rams,48,6,51
11/30/2003,Atlanta Falcons,13,Houston Texans,17,3,42.5
11/30/2003,New Orleans Saints,24,Washington Redskins,20,-1,42.5
11/30/2003,Cleveland Browns,7,Seattle Seahawks,34,6.5,42
11/30/2003,Denver Broncos,22,Oakland Raiders,8,-3,42
11/30/2003,Kansas City Chiefs,28,San Diego Chargers,24,-7.5,48.5
11/30/2003,Tampa Bay Buccaneers,10,Jacksonville Jaguars,17,-3,37
12/01/2003,Tennessee Titans,17,New York Jets,24,-3,42
12/07/2003,Washington Redskins,20,New York Giants,7,3,36
12/07/2003,Cincinnati Bengals,13,Baltimore Ravens,31,5,38.5
12/07/2003,Dallas Cowboys,10,Philadelphia Eagles,36,5.5,35.5
12/07/2003,Oakland Raiders,7,Pittsburgh Steelers,27,5.5,40.5
12/07/2003,San Diego Chargers,14,Detroit Lions,7,3,43.5
12/07/2003,Chicago Bears,21,Green Bay Packers,34,7.5,39
12/07/2003,Seattle Seahawks,7,Minnesota Vikings,34,-1,52.5
12/07/2003,Houston Texans,0,Jacksonville Jaguars,27,9.5,37.5
12/07/2003,Indianapolis Colts,29,Tennessee Titans,27,3.5,46.5
12/07/2003,Tampa Bay Buccaneers,14,New Orleans Saints,7,3,40.5
12/07/2003,Arizona Cardinals,14,San Francisco 49ers,50,10.5,40.5
12/07/2003,New York Jets,6,Buffalo Bills,17,3,37
12/07/2003,Miami Dolphins,0,New England Patriots,12,3,33.5
12/07/2003,Kansas City Chiefs,27,Denver Broncos,45,3,46.5
12/07/2003,Carolina Panthers,14,Atlanta Falcons,20,-1,41
12/08/2003,St Louis Rams,26,Cleveland Browns,20,-5.5,43.5
12/14/2003,Jacksonville Jaguars,13,New England Patriots,27,6,33
12/14/2003,Pittsburgh Steelers,0,New York Jets,6,3,36
12/14/2003,Dallas Cowboys,27,Washington Redskins,0,-3,34
12/14/2003,San Francisco 49ers,38,Cincinnati Bengals,41,3,42
12/14/2003,Atlanta Falcons,7,Indianapolis Colts,38,7.5,48
12/14/2003,Minnesota Vikings,10,Chicago Bears,13,-3,39.5
12/14/2003,Houston Texans,3,Tampa Bay Buccaneers,16,11.5,36
12/14/2003,Buffalo Bills,26,Tennessee Titans,28,5,37
12/14/2003,Seattle Seahawks,22,St Louis Rams,27,7,52
12/14/2003,Detroit Lions,17,Kansas City Chiefs,45,14.5,45
12/14/2003,Cleveland Browns,20,Denver Broncos,23,11.5,42
12/14/2003,Baltimore Ravens,12,Oakland Raiders,20,-7,38
12/14/2003,Carolina Panthers,20,Arizona Cardinals,17,-7,38.5
12/14/2003,Green Bay Packers,38,San Diego Chargers,21,-5,45.5
12/14/2003,New York Giants,7,New Orleans Saints,45,7.5,40.5
12/15/2003,Philadelphia Eagles,34,Miami Dolphins,27,3,37
12/20/2003,Atlanta Falcons,30,Tampa Bay Buccaneers,28,6.5,38.5
12/20/2003,Kansas City Chiefs,20,Minnesota Vikings,45,-3,54
12/20/2003,New England Patriots,21,New York Jets,16,-3,35
12/21/2003,Miami Dolphins,20,Buffalo Bills,3,3,33
12/21/2003,Baltimore Ravens,35,Cleveland Browns,0,-3,35.5
12/21/2003,Washington Redskins,24,Chicago Bears,27,4,35
12/21/2003,Cincinnati Bengals,10,St Louis Rams,27,7,54
12/21/2003,Detroit Lions,14,Carolina Panthers,20,7.5,37
12/21/2003,New Orleans Saints,19,Jacksonville Jaguars,20,3,42
12/21/2003,New York Giants,3,Dallas Cowboys,19,12.5,35.5
12/21/2003,Tennessee Titans,27,Houston Texans,24,-5.5,39
12/21/2003,San Diego Chargers,24,Pittsburgh Steelers,40,6.5,42
12/21/2003,San Francisco 49ers,31,Philadelphia Eagles,28,7,44
12/21/2003,Arizona Cardinals,10,Seattle Seahawks,28,15.5,44.5
12/21/2003,Denver Broncos,31,Indianapolis Colts,17,6.5,48.5
12/22/2003,Green Bay Packers,41,Oakland Raiders,7,-5.5,44
12/27/2003,Buffalo Bills,0,New England Patriots,31,9.5,34.5
12/27/2003,Seattle Seahawks,24,San Francisco 49ers,17,2.5,46.5
12/27/2003,Philadelphia Eagles,31,Washington Redskins,7,-9,42
12/28/2003,St Louis Rams,20,Detroit Lions,30,-12,45
12/28/2003,Cleveland Browns,22,Cincinnati Bengals,14,8.5,42
12/28/2003,Tampa Bay Buccaneers,13,Tennessee Titans,33,4,39
12/28/2003,Jacksonville Jaguars,14,Atlanta Falcons,21,2.5,44
12/28/2003,New York Jets,21,Miami Dolphins,23,3.5,37.5
12/28/2003,Dallas Cowboys,7,New Orleans Saints,13,-1,38
12/28/2003,Chicago Bears,3,Kansas City Chiefs,31,7.5,43.5
12/28/2003,Indianapolis Colts,20,Houston Texans,17,-9,46.5
12/28/2003,Carolina Panthers,37,New York Giants,24,-4.5,34.5
12/28/2003,Minnesota Vikings,17,Arizona Cardinals,18,-7.5,45.5
12/28/2003,Denver Broncos,3,Green Bay Packers,31,10,41.5
12/28/2003,Oakland Raiders,14,San Diego Chargers,21,6,46
12/28/2003,Pittsburgh Steelers,10,Baltimore Ravens,13,6,37.5
